package_name,date,downloads
beautifulsoup4,2026-04-06,9385346
beautifulsoup4,2026-04-07,11178998
beautifulsoup4,2026-04-08,12648861
beautifulsoup4,2026-04-09,11991463
beautifulsoup4,2026-04-10,10804752
beautifulsoup4,2026-04-11,8380569
beautifulsoup4,2026-04-12,10089870
beautifulsoup4,2026-04-13,13228740
beautifulsoup4,2026-04-14,12633194
beautifulsoup4,2026-04-15,12288068
beautifulsoup4,2026-04-16,11603151
beautifulsoup4,2026-04-17,12939224
beautifulsoup4,2026-04-18,10184300
beautifulsoup4,2026-04-19,10172727
beautifulsoup4,2026-04-20,14186247
beautifulsoup4,2026-04-21,13850780
beautifulsoup4,2026-04-22,14510617
beautifulsoup4,2026-04-23,14069581
beautifulsoup4,2026-04-24,13609618
beautifulsoup4,2026-04-25,9571333
beautifulsoup4,2026-04-26,9029491
beautifulsoup4,2026-04-27,11848104
beautifulsoup4,2026-04-28,12224943
beautifulsoup4,2026-04-29,12149253
beautifulsoup4,2026-04-30,11832358
beautifulsoup4,2026-05-01,11040463
beautifulsoup4,2026-05-02,7905784
beautifulsoup4,2026-05-03,7242084
beautifulsoup4,2026-05-04,11619861
beautifulsoup4,2026-05-05,12736006
beautifulsoup4,2026-05-06,13207835
beautifulsoup4,2026-05-07,13176681
beautifulsoup4,2026-05-08,11330964
beautifulsoup4,2026-05-09,9748885
beautifulsoup4,2026-05-10,9865212
beautifulsoup4,2026-05-11,14643945
beautifulsoup4,2026-05-12,15153435
beautifulsoup4,2026-05-13,14963208
beautifulsoup4,2026-05-14,14613275
beautifulsoup4,2026-05-15,13475778
beautifulsoup4,2026-05-16,10450040
beautifulsoup4,2026-05-17,10304748
beautifulsoup4,2026-05-18,12933479
beautifulsoup4,2026-05-19,11993029
beautifulsoup4,2026-05-20,12896501
beautifulsoup4,2026-05-21,12878990
beautifulsoup4,2026-05-22,11374710
beautifulsoup4,2026-05-23,8292128
beautifulsoup4,2026-05-24,8329714
beautifulsoup4,2026-05-25,10122736
beautifulsoup4,2026-05-26,11208353
beautifulsoup4,2026-05-27,12122186
beautifulsoup4,2026-05-28,13060821
beautifulsoup4,2026-05-29,13091963
beautifulsoup4,2026-05-30,9387167
beautifulsoup4,2026-05-31,8359376
beautifulsoup4,2026-06-01,12199143
beautifulsoup4,2026-06-02,13915781
beautifulsoup4,2026-06-03,13756264
beautifulsoup4,2026-06-04,14309133
beautifulsoup4,2026-06-05,14078347
beautifulsoup4,2026-06-06,10183697
beautifulsoup4,2026-06-07,10129360
beautifulsoup4,2026-06-08,16043015
beautifulsoup4,2026-06-09,15983757
beautifulsoup4,2026-06-10,17201969
beautifulsoup4,2026-06-11,15583307
beautifulsoup4,2026-06-12,14177989
beautifulsoup4,2026-06-13,10599410
beautifulsoup4,2026-06-14,10576177
beautifulsoup4,2026-06-15,14928384
beautifulsoup4,2026-06-16,15293959
beautifulsoup4,2026-06-17,15352121
beautifulsoup4,2026-06-18,14448925
beautifulsoup4,2026-06-19,13583291
beautifulsoup4,2026-06-20,10839637
beautifulsoup4,2026-06-21,10689884
beautifulsoup4,2026-06-22,15167396
beautifulsoup4,2026-06-23,15551988
beautifulsoup4,2026-06-24,15817089
beautifulsoup4,2026-06-25,15398421
beautifulsoup4,2026-06-26,14204368
beautifulsoup4,2026-06-27,10761574
beautifulsoup4,2026-06-28,11186407
beautifulsoup4,2026-06-29,15899927
beautifulsoup4,2026-06-30,15210182
beautifulsoup4,2026-07-01,15785202
beautifulsoup4,2026-07-02,14982577
beautifulsoup4,2026-07-03,12510859
beautifulsoup4,2026-07-04,10318032
beautifulsoup4,2026-07-05,10188230
beautifulsoup4,2026-07-06,14361117
beautifulsoup4,2026-07-07,14764754
beautifulsoup4,2026-07-08,13873544
beautifulsoup4,2026-07-09,13497574
beautifulsoup4,2026-07-10,13708036
beautifulsoup4,2026-07-11,9705474
beautifulsoup4,2026-07-12,9775458
beautifulsoup4,2026-07-13,14548870
beautifulsoup4,2026-07-14,15445822
beautifulsoup4,2026-07-15,14835462
beautifulsoup4,2026-07-16,14532088
beautifulsoup4,2026-07-17,14473102
beautifulsoup4,2026-07-18,10257999
beautifulsoup4,2026-07-19,10291821
beautifulsoup4,2026-07-20,14980892
beautifulsoup4,2026-07-21,15359179
beautifulsoup4,2026-07-22,14842068
beautifulsoup4,2026-07-23,15238170
beautifulsoup4,2026-07-24,14171669
beautifulsoup4,2026-07-25,10371745
beautifulsoup4,2026-07-26,10915778
beautifulsoup4,2026-07-27,16114727
beautifulsoup4,2026-07-28,18040660
beautifulsoup4,2026-07-29,19098123
beautifulsoup4,2026-07-30,18995558
beautifulsoup4,2026-07-31,16302647
beautifulsoup4,2026-08-01,15518990
beautifulsoup4,2026-08-02,13940683
beautifulsoup4,2026-08-03,16507687
beautifulsoup4,2026-08-04,17510083
beautifulsoup4,2026-08-05,17322902
beautifulsoup4,2026-08-06,17007395
beautifulsoup4,2026-08-07,17015488
beautifulsoup4,2026-08-08,11290562
beautifulsoup4,2026-08-09,10829740
beautifulsoup4,2026-08-10,14767556
beautifulsoup4,2026-08-11,15389344
beautifulsoup4,2026-08-12,16029398
beautifulsoup4,2026-08-13,15832259
beautifulsoup4,2026-08-14,14845456
beautifulsoup4,2026-08-15,11169776
beautifulsoup4,2026-08-16,10945570
beautifulsoup4,2026-08-17,15300048
beautifulsoup4,2026-08-18,16577515
beautifulsoup4,2026-08-19,15721270
beautifulsoup4,2026-08-20,15243135
beautifulsoup4,2026-08-21,15339755
beautifulsoup4,2026-08-22,10721992
beautifulsoup4,2026-08-23,11487528
beautifulsoup4,2026-08-24,14565038
beautifulsoup4,2026-08-25,11094894
beautifulsoup4,2026-08-26,10732536
beautifulsoup4,2026-08-27,10026584
beautifulsoup4,2026-08-28,9532782
beautifulsoup4,2026-08-29,6702679
beautifulsoup4,2026-08-30,6931344
beautifulsoup4,2026-08-31,10479057
beautifulsoup4,2026-09-01,11289273
beautifulsoup4,2026-09-02,11172862
beautifulsoup4,2026-09-03,11341530
beautifulsoup4,2026-09-04,10522363
beautifulsoup4,2026-09-05,8098725
beautifulsoup4,2026-09-06,7901402
beautifulsoup4,2026-09-07,9815027
beautifulsoup4,2026-09-08,11405285
beautifulsoup4,2026-09-09,10968917
beautifulsoup4,2026-09-10,11084980
beautifulsoup4,2026-09-11,10465344
beautifulsoup4,2026-09-12,7206216
beautifulsoup4,2026-09-13,6765951
beautifulsoup4,2026-09-14,10642458
beautifulsoup4,2026-09-15,11181634
beautifulsoup4,2026-09-16,10694022
beautifulsoup4,2026-09-17,10725004
beautifulsoup4,2026-09-18,10277764
beautifulsoup4,2026-09-19,7239407
beautifulsoup4,2026-09-20,6708057
beautifulsoup4,2026-09-21,10184046
beautifulsoup4,2026-09-22,10865681
beautifulsoup4,2026-09-23,10911842
beautifulsoup4,2026-09-24,10795276
beautifulsoup4,2026-09-25,9886126
beautifulsoup4,2026-09-26,6914761
beautifulsoup4,2026-09-27,6955301
beautifulsoup4,2026-09-28,10543749
beautifulsoup4,2026-09-29,11658681
beautifulsoup4,2026-09-30,11251684
beautifulsoup4,2026-10-01,11249289
black,2026-04-06,3837760
black,2026-04-07,4578014
black,2026-04-08,4668317
black,2026-04-09,4821667
black,2026-04-10,4374295
black,2026-04-11,2363578
black,2026-04-12,2504578
black,2026-04-13,4655471
black,2026-04-14,4644453
black,2026-04-15,4655265
black,2026-04-16,4802146
black,2026-04-17,4359658
black,2026-04-18,2520254
black,2026-04-19,2522940
black,2026-04-20,4705519
black,2026-04-21,4721915
black,2026-04-22,4756599
black,2026-04-23,4732492
black,2026-04-24,4279110
black,2026-04-25,2405217
black,2026-04-26,2422248
black,2026-04-27,4468627
black,2026-04-28,4613795
black,2026-04-29,4570231
black,2026-04-30,4498652
black,2026-05-01,3604392
black,2026-05-02,2346347
black,2026-05-03,2413866
black,2026-05-04,4258078
black,2026-05-05,4684611
black,2026-05-06,4610886
black,2026-05-07,4609246
black,2026-05-08,4283031
black,2026-05-09,2571935
black,2026-05-10,2451604
black,2026-05-11,4624946
black,2026-05-12,4864680
black,2026-05-13,4975628
black,2026-05-14,4653058
black,2026-05-15,4278831
black,2026-05-16,2679956
black,2026-05-17,2847581
black,2026-05-18,4815624
black,2026-05-19,5402621
black,2026-05-20,5267266
black,2026-05-21,5153031
black,2026-05-22,4910299
black,2026-05-23,2852265
black,2026-05-24,3159901
black,2026-05-25,4027770
black,2026-05-26,4758135
black,2026-05-27,5164565
black,2026-05-28,5321643
black,2026-05-29,5223252
black,2026-05-30,3138368
black,2026-05-31,2920127
black,2026-06-01,4978638
black,2026-06-02,5476938
black,2026-06-03,5510688
black,2026-06-04,5566358
black,2026-06-05,5345492
black,2026-06-06,3146017
black,2026-06-07,3009492
black,2026-06-08,5772937
black,2026-06-09,6161723
black,2026-06-10,6920550
black,2026-06-11,5912850
black,2026-06-12,5216246
black,2026-06-13,3232905
black,2026-06-14,3114236
black,2026-06-15,5596219
black,2026-06-16,5776525
black,2026-06-17,5329313
black,2026-06-18,5152511
black,2026-06-19,4364225
black,2026-06-20,3307570
black,2026-06-21,3189595
black,2026-06-22,6056637
black,2026-06-23,5954021
black,2026-06-24,5663378
black,2026-06-25,5269505
black,2026-06-26,4787277
black,2026-06-27,2926755
black,2026-06-28,2806473
black,2026-06-29,5172188
black,2026-06-30,5902354
black,2026-07-01,5930485
black,2026-07-02,6228650
black,2026-07-03,5550283
black,2026-07-04,4108513
black,2026-07-05,3600324
black,2026-07-06,5584007
black,2026-07-07,6714746
black,2026-07-08,6682482
black,2026-07-09,6160509
black,2026-07-10,5349342
black,2026-07-11,3578384
black,2026-07-12,3662096
black,2026-07-13,6010316
black,2026-07-14,6222769
black,2026-07-15,6634711
black,2026-07-16,7629642
black,2026-07-17,7005823
black,2026-07-18,4075361
black,2026-07-19,3872409
black,2026-07-20,6178817
black,2026-07-21,6245592
black,2026-07-22,6149633
black,2026-07-23,6301842
black,2026-07-24,5891114
black,2026-07-25,3729741
black,2026-07-26,3541203
black,2026-07-27,5930550
black,2026-07-28,7099555
black,2026-07-29,7657598
black,2026-07-30,7858307
black,2026-07-31,6564176
black,2026-08-01,3943529
black,2026-08-02,4107535
black,2026-08-03,6840960
black,2026-08-04,7602754
black,2026-08-05,7372220
black,2026-08-06,6312241
black,2026-08-07,7107277
black,2026-08-08,4982993
black,2026-08-09,4827003
black,2026-08-10,6795469
black,2026-08-11,7042718
black,2026-08-12,7449294
black,2026-08-13,6860131
black,2026-08-14,6444676
black,2026-08-15,4301893
black,2026-08-16,4211617
black,2026-08-17,6545247
black,2026-08-18,6623175
black,2026-08-19,6567346
black,2026-08-20,6552401
black,2026-08-21,6288295
black,2026-08-22,4323559
black,2026-08-23,5240236
black,2026-08-24,5817075
black,2026-08-25,4216316
black,2026-08-26,4005988
black,2026-08-27,4005915
black,2026-08-28,4107926
black,2026-08-29,2862790
black,2026-08-30,2343824
black,2026-08-31,3889381
black,2026-09-01,4715203
black,2026-09-02,4223828
black,2026-09-03,4177277
black,2026-09-04,3745156
black,2026-09-05,2362780
black,2026-09-06,2594878
black,2026-09-07,3575539
black,2026-09-08,4606642
black,2026-09-09,4621097
black,2026-09-10,4527540
black,2026-09-11,4020803
black,2026-09-12,2552235
black,2026-09-13,2234126
black,2026-09-14,4017531
black,2026-09-15,4410205
black,2026-09-16,4525406
black,2026-09-17,4383556
black,2026-09-18,4154474
black,2026-09-19,2465627
black,2026-09-20,2285836
black,2026-09-21,3699709
black,2026-09-22,4087583
black,2026-09-23,4365481
black,2026-09-24,4578068
black,2026-09-25,4183173
black,2026-09-26,2492583
black,2026-09-27,2500450
black,2026-09-28,4180750
black,2026-09-29,4551938
black,2026-09-30,4624983
black,2026-10-01,4770178
boto3,2026-04-06,60213642
boto3,2026-04-07,66309722
boto3,2026-04-08,68356946
boto3,2026-04-09,78196489
boto3,2026-04-10,90905260
boto3,2026-04-11,64995261
boto3,2026-04-12,62615674
boto3,2026-04-13,85673745
boto3,2026-04-14,89743913
boto3,2026-04-15,98095680
boto3,2026-04-16,96577996
boto3,2026-04-17,94490236
boto3,2026-04-18,80690548
boto3,2026-04-19,76287565
boto3,2026-04-20,103219733
boto3,2026-04-21,135432502
boto3,2026-04-22,124408961
boto3,2026-04-23,106774875
boto3,2026-04-24,114321274
boto3,2026-04-25,92588005
boto3,2026-04-26,91107638
boto3,2026-04-27,113087657
boto3,2026-04-28,113764971
boto3,2026-04-29,118161124
boto3,2026-04-30,111972735
boto3,2026-05-01,100983500
boto3,2026-05-02,89765231
boto3,2026-05-03,88924325
boto3,2026-05-04,105523224
boto3,2026-05-05,109655925
boto3,2026-05-06,113429952
boto3,2026-05-07,113990395
boto3,2026-05-08,106965304
boto3,2026-05-09,88857720
boto3,2026-05-10,88220372
boto3,2026-05-11,110455863
boto3,2026-05-12,114348180
boto3,2026-05-13,113237962
boto3,2026-05-14,117138560
boto3,2026-05-15,115661607
boto3,2026-05-16,91640453
boto3,2026-05-17,92320929
boto3,2026-05-18,113751521
boto3,2026-05-19,119540784
boto3,2026-05-20,115364664
boto3,2026-05-21,117936474
boto3,2026-05-22,116428434
boto3,2026-05-23,91606118
boto3,2026-05-24,91268056
boto3,2026-05-25,100675363
boto3,2026-05-26,110201103
boto3,2026-05-27,118140940
boto3,2026-05-28,115266422
boto3,2026-05-29,122037572
boto3,2026-05-30,94929734
boto3,2026-05-31,92889163
boto3,2026-06-01,119303329
boto3,2026-06-02,125696575
boto3,2026-06-03,124699838
boto3,2026-06-04,124844520
boto3,2026-06-05,122838005
boto3,2026-06-06,99727818
boto3,2026-06-07,99539142
boto3,2026-06-08,123858673
boto3,2026-06-09,126440371
boto3,2026-06-10,125928463
boto3,2026-06-11,137956002
boto3,2026-06-12,124682128
boto3,2026-06-13,110357819
boto3,2026-06-14,110896676
boto3,2026-06-15,131820457
boto3,2026-06-16,132224124
boto3,2026-06-17,135442780
boto3,2026-06-18,129025958
boto3,2026-06-19,122248566
boto3,2026-06-20,106589141
boto3,2026-06-21,111956352
boto3,2026-06-22,124562295
boto3,2026-06-23,128530353
boto3,2026-06-24,120819764
boto3,2026-06-25,123063753
boto3,2026-06-26,113435780
boto3,2026-06-27,89737831
boto3,2026-06-28,89218202
boto3,2026-06-29,113787436
boto3,2026-06-30,124362083
boto3,2026-07-01,128701022
boto3,2026-07-02,121595219
boto3,2026-07-03,112822890
boto3,2026-07-04,97626502
boto3,2026-07-05,105807989
boto3,2026-07-06,135343421
boto3,2026-07-07,137053810
boto3,2026-07-08,129946206
boto3,2026-07-09,137476752
boto3,2026-07-10,144507424
boto3,2026-07-11,101611695
boto3,2026-07-12,96051326
boto3,2026-07-13,127986054
boto3,2026-07-14,127893288
boto3,2026-07-15,130975944
boto3,2026-07-16,133195483
boto3,2026-07-17,119485971
boto3,2026-07-18,95021702
boto3,2026-07-19,93214240
boto3,2026-07-20,119193724
boto3,2026-07-21,130789142
boto3,2026-07-22,131315183
boto3,2026-07-23,122153290
boto3,2026-07-24,120276617
boto3,2026-07-25,94339805
boto3,2026-07-26,95466632
boto3,2026-07-27,130362624
boto3,2026-07-28,124060618
boto3,2026-07-29,126005147
boto3,2026-07-30,121226409
boto3,2026-07-31,123749535
boto3,2026-08-01,99877278
boto3,2026-08-02,98953412
boto3,2026-08-03,125211039
boto3,2026-08-04,121327990
boto3,2026-08-05,124673127
boto3,2026-08-06,109736217
boto3,2026-08-07,113248380
boto3,2026-08-08,101694893
boto3,2026-08-09,93811629
boto3,2026-08-10,111753660
boto3,2026-08-11,125010332
boto3,2026-08-12,126804102
boto3,2026-08-13,117850298
boto3,2026-08-14,111316925
boto3,2026-08-15,91836562
boto3,2026-08-16,87764351
boto3,2026-08-17,108497042
boto3,2026-08-18,113403282
boto3,2026-08-19,128655143
boto3,2026-08-20,118044514
boto3,2026-08-21,113850311
boto3,2026-08-22,93324523
boto3,2026-08-23,91905332
boto3,2026-08-24,111657249
boto3,2026-08-25,103262533
boto3,2026-08-26,97314445
boto3,2026-08-27,83268203
boto3,2026-08-28,81384416
boto3,2026-08-29,67099665
boto3,2026-08-30,68629573
boto3,2026-08-31,80640750
boto3,2026-09-01,83136640
boto3,2026-09-02,80648498
boto3,2026-09-03,86798218
boto3,2026-09-04,80317384
boto3,2026-09-05,71039694
boto3,2026-09-06,70315836
boto3,2026-09-07,76832343
boto3,2026-09-08,88852521
boto3,2026-09-09,87324226
boto3,2026-09-10,87176328
boto3,2026-09-11,85504808
boto3,2026-09-12,71351265
boto3,2026-09-13,69883656
boto3,2026-09-14,84658226
boto3,2026-09-15,86680456
boto3,2026-09-16,87211055
boto3,2026-09-17,89945985
boto3,2026-09-18,88386927
boto3,2026-09-19,71220924
boto3,2026-09-20,68327195
boto3,2026-09-21,83891178
boto3,2026-09-22,89691622
boto3,2026-09-23,88157409
boto3,2026-09-24,87523181
boto3,2026-09-25,81835817
boto3,2026-09-26,71405475
boto3,2026-09-27,72020702
boto3,2026-09-28,90871556
boto3,2026-09-29,86635396
boto3,2026-09-30,87802739
boto3,2026-10-01,87452966
catboost,2026-04-06,211606
catboost,2026-04-07,244846
catboost,2026-04-08,245416
catboost,2026-04-09,248226
catboost,2026-04-10,220825
catboost,2026-04-11,124550
catboost,2026-04-12,123109
catboost,2026-04-13,230107
catboost,2026-04-14,232577
catboost,2026-04-15,236779
catboost,2026-04-16,245325
catboost,2026-04-17,233186
catboost,2026-04-18,150181
catboost,2026-04-19,147156
catboost,2026-04-20,272400
catboost,2026-04-21,264806
catboost,2026-04-22,276222
catboost,2026-04-23,263836
catboost,2026-04-24,231879
catboost,2026-04-25,137887
catboost,2026-04-26,142144
catboost,2026-04-27,239246
catboost,2026-04-28,256254
catboost,2026-04-29,247596
catboost,2026-04-30,236206
catboost,2026-05-01,172691
catboost,2026-05-02,128486
catboost,2026-05-03,132138
catboost,2026-05-04,221572
catboost,2026-05-05,222247
catboost,2026-05-06,214256
catboost,2026-05-07,221398
catboost,2026-05-08,203638
catboost,2026-05-09,131324
catboost,2026-05-10,134579
catboost,2026-05-11,221695
catboost,2026-05-12,233526
catboost,2026-05-13,222843
catboost,2026-05-14,231513
catboost,2026-05-15,212107
catboost,2026-05-16,146944
catboost,2026-05-17,145326
catboost,2026-05-18,234437
catboost,2026-05-19,269668
catboost,2026-05-20,302534
catboost,2026-05-21,272647
catboost,2026-05-22,240872
catboost,2026-05-23,163451
catboost,2026-05-24,165578
catboost,2026-05-25,208422
catboost,2026-05-26,228497
catboost,2026-05-27,237183
catboost,2026-05-28,252507
catboost,2026-05-29,220831
catboost,2026-05-30,152954
catboost,2026-05-31,173446
catboost,2026-06-01,250489
catboost,2026-06-02,277492
catboost,2026-06-03,273698
catboost,2026-06-04,265409
catboost,2026-06-05,229971
catboost,2026-06-06,154613
catboost,2026-06-07,154384
catboost,2026-06-08,242826
catboost,2026-06-09,249792
catboost,2026-06-10,269720
catboost,2026-06-11,266394
catboost,2026-06-12,241668
catboost,2026-06-13,153616
catboost,2026-06-14,159547
catboost,2026-06-15,265393
catboost,2026-06-16,259672
catboost,2026-06-17,248102
catboost,2026-06-18,251553
catboost,2026-06-19,211850
catboost,2026-06-20,143658
catboost,2026-06-21,146921
catboost,2026-06-22,214426
catboost,2026-06-23,230308
catboost,2026-06-24,220230
catboost,2026-06-25,225187
catboost,2026-06-26,191659
catboost,2026-06-27,129625
catboost,2026-06-28,121602
catboost,2026-06-29,199020
catboost,2026-06-30,208429
catboost,2026-07-01,215843
catboost,2026-07-02,218014
catboost,2026-07-03,188968
catboost,2026-07-04,121760
catboost,2026-07-05,117312
catboost,2026-07-06,208400
catboost,2026-07-07,225026
catboost,2026-07-08,217206
catboost,2026-07-09,215499
catboost,2026-07-10,199315
catboost,2026-07-11,129350
catboost,2026-07-12,131908
catboost,2026-07-13,224603
catboost,2026-07-14,228160
catboost,2026-07-15,224276
catboost,2026-07-16,234992
catboost,2026-07-17,224499
catboost,2026-07-18,134794
catboost,2026-07-19,129786
catboost,2026-07-20,225088
catboost,2026-07-21,244181
catboost,2026-07-22,225800
catboost,2026-07-23,227495
catboost,2026-07-24,219467
catboost,2026-07-25,138831
catboost,2026-07-26,142766
catboost,2026-07-27,238004
catboost,2026-07-28,235616
catboost,2026-07-29,236550
catboost,2026-07-30,238821
catboost,2026-07-31,217633
catboost,2026-08-01,133160
catboost,2026-08-02,139264
catboost,2026-08-03,223511
catboost,2026-08-04,237939
catboost,2026-08-05,228465
catboost,2026-08-06,222471
catboost,2026-08-07,237946
catboost,2026-08-08,143991
catboost,2026-08-09,141267
catboost,2026-08-10,232346
catboost,2026-08-11,264128
catboost,2026-08-12,270691
catboost,2026-08-13,258774
catboost,2026-08-14,248744
catboost,2026-08-15,162712
catboost,2026-08-16,146483
catboost,2026-08-17,271226
catboost,2026-08-18,283437
catboost,2026-08-19,285690
catboost,2026-08-20,266180
catboost,2026-08-21,248252
catboost,2026-08-22,155925
catboost,2026-08-23,151314
catboost,2026-08-24,220447
catboost,2026-08-25,173968
catboost,2026-08-26,166299
catboost,2026-08-27,158836
catboost,2026-08-28,141926
catboost,2026-08-29,85672
catboost,2026-08-30,89847
catboost,2026-08-31,155321
catboost,2026-09-01,184870
catboost,2026-09-02,192278
catboost,2026-09-03,209829
catboost,2026-09-04,171069
catboost,2026-09-05,100175
catboost,2026-09-06,93808
catboost,2026-09-07,159432
catboost,2026-09-08,186014
catboost,2026-09-09,179913
catboost,2026-09-10,182743
catboost,2026-09-11,171443
catboost,2026-09-12,110167
catboost,2026-09-13,106248
catboost,2026-09-14,190478
catboost,2026-09-15,197534
catboost,2026-09-16,196714
catboost,2026-09-17,221946
catboost,2026-09-18,185086
catboost,2026-09-19,123440
catboost,2026-09-20,117437
catboost,2026-09-21,197976
catboost,2026-09-22,220622
catboost,2026-09-23,231726
catboost,2026-09-24,232114
catboost,2026-09-25,210159
catboost,2026-09-26,110318
catboost,2026-09-27,115983
catboost,2026-09-28,208647
catboost,2026-09-29,231757
catboost,2026-09-30,228318
catboost,2026-10-01,234547
celery,2026-04-06,1613825
celery,2026-04-07,2066446
celery,2026-04-08,2106444
celery,2026-04-09,1960544
celery,2026-04-10,1753074
celery,2026-04-11,974284
celery,2026-04-12,809697
celery,2026-04-13,1850721
celery,2026-04-14,2158462
celery,2026-04-15,1988573
celery,2026-04-16,2036203
celery,2026-04-17,1842001
celery,2026-04-18,969204
celery,2026-04-19,841510
celery,2026-04-20,1993435
celery,2026-04-21,2121822
celery,2026-04-22,2374490
celery,2026-04-23,1953701
celery,2026-04-24,1743339
celery,2026-04-25,894530
celery,2026-04-26,889291
celery,2026-04-27,1932900
celery,2026-04-28,2025481
celery,2026-04-29,2147010
celery,2026-04-30,2122943
celery,2026-05-01,1526089
celery,2026-05-02,861995
celery,2026-05-03,1700191
celery,2026-05-04,2022114
celery,2026-05-05,2021488
celery,2026-05-06,2018637
celery,2026-05-07,2021827
celery,2026-05-08,1824648
celery,2026-05-09,1006286
celery,2026-05-10,929877
celery,2026-05-11,2013223
celery,2026-05-12,2098805
celery,2026-05-13,2057052
celery,2026-05-14,2045428
celery,2026-05-15,1891292
celery,2026-05-16,1023431
celery,2026-05-17,1015284
celery,2026-05-18,2023165
celery,2026-05-19,2215676
celery,2026-05-20,2207416
celery,2026-05-21,2198212
celery,2026-05-22,2024020
celery,2026-05-23,1004736
celery,2026-05-24,1055144
celery,2026-05-25,1581890
celery,2026-05-26,1954443
celery,2026-05-27,2121370
celery,2026-05-28,2200057
celery,2026-05-29,1995386
celery,2026-05-30,1065331
celery,2026-05-31,1045985
celery,2026-06-01,2115642
celery,2026-06-02,2269672
celery,2026-06-03,2207881
celery,2026-06-04,2187593
celery,2026-06-05,1979477
celery,2026-06-06,1071450
celery,2026-06-07,1245474
celery,2026-06-08,2192564
celery,2026-06-09,2312502
celery,2026-06-10,2293327
celery,2026-06-11,2384255
celery,2026-06-12,2134431
celery,2026-06-13,1156662
celery,2026-06-14,1086188
celery,2026-06-15,2294885
celery,2026-06-16,2430045
celery,2026-06-17,2435058
celery,2026-06-18,2242650
celery,2026-06-19,1824928
celery,2026-06-20,1212828
celery,2026-06-21,1110448
celery,2026-06-22,2189482
celery,2026-06-23,2212817
celery,2026-06-24,2232620
celery,2026-06-25,2153192
celery,2026-06-26,1922228
celery,2026-06-27,1034202
celery,2026-06-28,986141
celery,2026-06-29,1950451
celery,2026-06-30,2123449
celery,2026-07-01,2128433
celery,2026-07-02,2138773
celery,2026-07-03,1666750
celery,2026-07-04,997552
celery,2026-07-05,1006442
celery,2026-07-06,2001156
celery,2026-07-07,2136666
celery,2026-07-08,2144860
celery,2026-07-09,2071669
celery,2026-07-10,1980998
celery,2026-07-11,1054053
celery,2026-07-12,1092825
celery,2026-07-13,2202435
celery,2026-07-14,2269800
celery,2026-07-15,2289022
celery,2026-07-16,2312463
celery,2026-07-17,2074884
celery,2026-07-18,1083302
celery,2026-07-19,1076291
celery,2026-07-20,2107171
celery,2026-07-21,2300477
celery,2026-07-22,2298899
celery,2026-07-23,2300891
celery,2026-07-24,2134949
celery,2026-07-25,1065048
celery,2026-07-26,1101694
celery,2026-07-27,2294396
celery,2026-07-28,2264919
celery,2026-07-29,2287442
celery,2026-07-30,2264001
celery,2026-07-31,2068577
celery,2026-08-01,1219416
celery,2026-08-02,1222660
celery,2026-08-03,2383559
celery,2026-08-04,2410401
celery,2026-08-05,2328928
celery,2026-08-06,1883533
celery,2026-08-07,2229004
celery,2026-08-08,1179867
celery,2026-08-09,1160781
celery,2026-08-10,2231950
celery,2026-08-11,2466804
celery,2026-08-12,2311240
celery,2026-08-13,2335501
celery,2026-08-14,2226536
celery,2026-08-15,1106820
celery,2026-08-16,1084126
celery,2026-08-17,2155159
celery,2026-08-18,2388997
celery,2026-08-19,2303440
celery,2026-08-20,2258458
celery,2026-08-21,2115532
celery,2026-08-22,1136290
celery,2026-08-23,1124526
celery,2026-08-24,2053025
celery,2026-08-25,1678768
celery,2026-08-26,1608429
celery,2026-08-27,1596295
celery,2026-08-28,1386471
celery,2026-08-29,678795
celery,2026-08-30,663069
celery,2026-08-31,1496661
celery,2026-09-01,1763637
celery,2026-09-02,1781711
celery,2026-09-03,1755078
celery,2026-09-04,1534100
celery,2026-09-05,772017
celery,2026-09-06,756195
celery,2026-09-07,1303946
celery,2026-09-08,1897393
celery,2026-09-09,1827758
celery,2026-09-10,1780998
celery,2026-09-11,1584917
celery,2026-09-12,736729
celery,2026-09-13,732695
celery,2026-09-14,1664443
celery,2026-09-15,1795789
celery,2026-09-16,1787203
celery,2026-09-17,1698961
celery,2026-09-18,1520220
celery,2026-09-19,723771
celery,2026-09-20,694929
celery,2026-09-21,1601176
celery,2026-09-22,1739987
celery,2026-09-23,1778843
celery,2026-09-24,1732714
celery,2026-09-25,1571271
celery,2026-09-26,772235
celery,2026-09-27,824014
celery,2026-09-28,1798659
celery,2026-09-29,1941258
celery,2026-09-30,1901146
celery,2026-10-01,1942974
click,2026-04-06,26960755
click,2026-04-07,31860421
click,2026-04-08,34209457
click,2026-04-09,32761913
click,2026-04-10,30905905
click,2026-04-11,20667477
click,2026-04-12,23718646
click,2026-04-13,33579156
click,2026-04-14,36366527
click,2026-04-15,35166689
click,2026-04-16,33757693
click,2026-04-17,33271790
click,2026-04-18,22720373
click,2026-04-19,22221288
click,2026-04-20,35549808
click,2026-04-21,35970845
click,2026-04-22,36942742
click,2026-04-23,38408797
click,2026-04-24,36937872
click,2026-04-25,24454531
click,2026-04-26,24218702
click,2026-04-27,33680807
click,2026-04-28,35896453
click,2026-04-29,35638120
click,2026-04-30,34651290
click,2026-05-01,29784662
click,2026-05-02,22902382
click,2026-05-03,21004231
click,2026-05-04,31359082
click,2026-05-05,36299578
click,2026-05-06,37117977
click,2026-05-07,37851576
click,2026-05-08,32820430
click,2026-05-09,24924852
click,2026-05-10,23660638
click,2026-05-11,37950890
click,2026-05-12,39246745
click,2026-05-13,37590396
click,2026-05-14,36262944
click,2026-05-15,33927509
click,2026-05-16,24432184
click,2026-05-17,26732320
click,2026-05-18,38436931
click,2026-05-19,39472618
click,2026-05-20,39101717
click,2026-05-21,38300454
click,2026-05-22,36644218
click,2026-05-23,23332408
click,2026-05-24,23809318
click,2026-05-25,30863711
click,2026-05-26,33255008
click,2026-05-27,35523160
click,2026-05-28,36241789
click,2026-05-29,34554632
click,2026-05-30,22520535
click,2026-05-31,21602022
click,2026-06-01,33403215
click,2026-06-02,37327346
click,2026-06-03,38914858
click,2026-06-04,38755996
click,2026-06-05,35937652
click,2026-06-06,23552806
click,2026-06-07,22687777
click,2026-06-08,36277140
click,2026-06-09,37473790
click,2026-06-10,40182549
click,2026-06-11,38432873
click,2026-06-12,35228528
click,2026-06-13,22499269
click,2026-06-14,23264424
click,2026-06-15,36433743
click,2026-06-16,37725970
click,2026-06-17,36510030
click,2026-06-18,35132520
click,2026-06-19,30310205
click,2026-06-20,22758946
click,2026-06-21,22312864
click,2026-06-22,35504279
click,2026-06-23,36468656
click,2026-06-24,38355048
click,2026-06-25,39263404
click,2026-06-26,35477243
click,2026-06-27,23857068
click,2026-06-28,25141683
click,2026-06-29,39279448
click,2026-06-30,38889695
click,2026-07-01,40497057
click,2026-07-02,38248590
click,2026-07-03,32574926
click,2026-07-04,24170216
click,2026-07-05,23440951
click,2026-07-06,37044426
click,2026-07-07,39532769
click,2026-07-08,37746772
click,2026-07-09,36878169
click,2026-07-10,35330700
click,2026-07-11,23501804
click,2026-07-12,24110650
click,2026-07-13,38049236
click,2026-07-14,39287391
click,2026-07-15,39162846
click,2026-07-16,39934018
click,2026-07-17,37657205
click,2026-07-18,24023441
click,2026-07-19,22916706
click,2026-07-20,36947879
click,2026-07-21,39219226
click,2026-07-22,40221127
click,2026-07-23,40282722
click,2026-07-24,37696624
click,2026-07-25,24557044
click,2026-07-26,25228305
click,2026-07-27,40548975
click,2026-07-28,42346423
click,2026-07-29,43491423
click,2026-07-30,43437479
click,2026-07-31,40418818
click,2026-08-01,29483069
click,2026-08-02,29093692
click,2026-08-03,43756174
click,2026-08-04,46068895
click,2026-08-05,46144709
click,2026-08-06,42799230
click,2026-08-07,44636839
click,2026-08-08,29780838
click,2026-08-09,28915347
click,2026-08-10,41934097
click,2026-08-11,43649132
click,2026-08-12,44258008
click,2026-08-13,44253615
click,2026-08-14,41824850
click,2026-08-15,28403011
click,2026-08-16,27951463
click,2026-08-17,41528252
click,2026-08-18,44034128
click,2026-08-19,42369845
click,2026-08-20,42445717
click,2026-08-21,41394448
click,2026-08-22,27816271
click,2026-08-23,29937393
click,2026-08-24,37927564
click,2026-08-25,27130174
click,2026-08-26,28531692
click,2026-08-27,28281327
click,2026-08-28,25810971
click,2026-08-29,17177266
click,2026-08-30,16374390
click,2026-08-31,26592949
click,2026-09-01,30019847
click,2026-09-02,29556863
click,2026-09-03,29742574
click,2026-09-04,26869056
click,2026-09-05,18677979
click,2026-09-06,17980664
click,2026-09-07,25230672
click,2026-09-08,31376973
click,2026-09-09,30518350
click,2026-09-10,30501600
click,2026-09-11,27772799
click,2026-09-12,17585309
click,2026-09-13,16730975
click,2026-09-14,28164003
click,2026-09-15,30584153
click,2026-09-16,29818255
click,2026-09-17,30002189
click,2026-09-18,29455195
click,2026-09-19,18408064
click,2026-09-20,17604055
click,2026-09-21,28552307
click,2026-09-22,30739753
click,2026-09-23,31889747
click,2026-09-24,32075045
click,2026-09-25,29370423
click,2026-09-26,19405023
click,2026-09-27,20323239
click,2026-09-28,31856042
click,2026-09-29,34868867
click,2026-09-30,34390205
click,2026-10-01,34782395
dask,2026-04-06,858582
dask,2026-04-07,1035336
dask,2026-04-08,1027899
dask,2026-04-09,1118787
dask,2026-04-10,1111942
dask,2026-04-11,658662
dask,2026-04-12,658118
dask,2026-04-13,930134
dask,2026-04-14,1090843
dask,2026-04-15,1549082
dask,2026-04-16,942446
dask,2026-04-17,1019828
dask,2026-04-18,664124
dask,2026-04-19,691656
dask,2026-04-20,901948
dask,2026-04-21,887594
dask,2026-04-22,889395
dask,2026-04-23,870736
dask,2026-04-24,795483
dask,2026-04-25,638464
dask,2026-04-26,645241
dask,2026-04-27,830360
dask,2026-04-28,903549
dask,2026-04-29,963422
dask,2026-04-30,911715
dask,2026-05-01,791570
dask,2026-05-02,595808
dask,2026-05-03,630844
dask,2026-05-04,849867
dask,2026-05-05,901120
dask,2026-05-06,862825
dask,2026-05-07,961445
dask,2026-05-08,897021
dask,2026-05-09,658679
dask,2026-05-10,654552
dask,2026-05-11,901038
dask,2026-05-12,919146
dask,2026-05-13,933851
dask,2026-05-14,907127
dask,2026-05-15,856859
dask,2026-05-16,658797
dask,2026-05-17,634095
dask,2026-05-18,854465
dask,2026-05-19,948161
dask,2026-05-20,921174
dask,2026-05-21,1026159
dask,2026-05-22,927767
dask,2026-05-23,636821
dask,2026-05-24,640593
dask,2026-05-25,706283
dask,2026-05-26,880598
dask,2026-05-27,919036
dask,2026-05-28,1035081
dask,2026-05-29,900047
dask,2026-05-30,652841
dask,2026-05-31,648757
dask,2026-06-01,882751
dask,2026-06-02,924104
dask,2026-06-03,983961
dask,2026-06-04,985652
dask,2026-06-05,898694
dask,2026-06-06,709707
dask,2026-06-07,631837
dask,2026-06-08,886875
dask,2026-06-09,921376
dask,2026-06-10,959918
dask,2026-06-11,925526
dask,2026-06-12,918851
dask,2026-06-13,702709
dask,2026-06-14,622458
dask,2026-06-15,887248
dask,2026-06-16,900323
dask,2026-06-17,959023
dask,2026-06-18,890238
dask,2026-06-19,815254
dask,2026-06-20,672658
dask,2026-06-21,681931
dask,2026-06-22,934324
dask,2026-06-23,963549
dask,2026-06-24,1130538
dask,2026-06-25,1062968
dask,2026-06-26,1060940
dask,2026-06-27,787587
dask,2026-06-28,776927
dask,2026-06-29,1027371
dask,2026-06-30,1028278
dask,2026-07-01,1071659
dask,2026-07-02,1049587
dask,2026-07-03,920110
dask,2026-07-04,771993
dask,2026-07-05,696730
dask,2026-07-06,988000
dask,2026-07-07,1105067
dask,2026-07-08,1010063
dask,2026-07-09,971208
dask,2026-07-10,918237
dask,2026-07-11,732905
dask,2026-07-12,688830
dask,2026-07-13,1009089
dask,2026-07-14,1076527
dask,2026-07-15,994535
dask,2026-07-16,1026247
dask,2026-07-17,981144
dask,2026-07-18,783280
dask,2026-07-19,726358
dask,2026-07-20,1036165
dask,2026-07-21,1167582
dask,2026-07-22,1121610
dask,2026-07-23,1137986
dask,2026-07-24,1045197
dask,2026-07-25,788365
dask,2026-07-26,773204
dask,2026-07-27,1128750
dask,2026-07-28,1183176
dask,2026-07-29,1103204
dask,2026-07-30,1185601
dask,2026-07-31,1047303
dask,2026-08-01,856869
dask,2026-08-02,750873
dask,2026-08-03,1066781
dask,2026-08-04,1012633
dask,2026-08-05,1163516
dask,2026-08-06,1250117
dask,2026-08-07,1066710
dask,2026-08-08,874595
dask,2026-08-09,701249
dask,2026-08-10,1024619
dask,2026-08-11,1014468
dask,2026-08-12,988861
dask,2026-08-13,1003938
dask,2026-08-14,920723
dask,2026-08-15,754570
dask,2026-08-16,708698
dask,2026-08-17,992586
dask,2026-08-18,1027251
dask,2026-08-19,959710
dask,2026-08-20,947613
dask,2026-08-21,943967
dask,2026-08-22,742714
dask,2026-08-23,767789
dask,2026-08-24,967037
dask,2026-08-25,865377
dask,2026-08-26,771403
dask,2026-08-27,716778
dask,2026-08-28,718079
dask,2026-08-29,587273
dask,2026-08-30,740589
dask,2026-08-31,871684
dask,2026-09-01,911969
dask,2026-09-02,1012692
dask,2026-09-03,935198
dask,2026-09-04,811988
dask,2026-09-05,628897
dask,2026-09-06,591003
dask,2026-09-07,703841
dask,2026-09-08,860308
dask,2026-09-09,756068
dask,2026-09-10,790035
dask,2026-09-11,769619
dask,2026-09-12,602025
dask,2026-09-13,613685
dask,2026-09-14,791113
dask,2026-09-15,810682
dask,2026-09-16,825822
dask,2026-09-17,926006
dask,2026-09-18,849252
dask,2026-09-19,697282
dask,2026-09-20,718497
dask,2026-09-21,883621
dask,2026-09-22,900486
dask,2026-09-23,944825
dask,2026-09-24,1158187
dask,2026-09-25,1058956
dask,2026-09-26,742952
dask,2026-09-27,813721
dask,2026-09-28,1149734
dask,2026-09-29,1087656
dask,2026-09-30,1042822
dask,2026-10-01,1058412
datasets,2026-04-06,2937941
datasets,2026-04-07,3630857
datasets,2026-04-08,3875952
datasets,2026-04-09,3140976
datasets,2026-04-10,3406862
datasets,2026-04-11,2442733
datasets,2026-04-12,2374742
datasets,2026-04-13,3505799
datasets,2026-04-14,3595537
datasets,2026-04-15,3962676
datasets,2026-04-16,3514064
datasets,2026-04-17,3606557
datasets,2026-04-18,2554284
datasets,2026-04-19,2463631
datasets,2026-04-20,3871351
datasets,2026-04-21,4059899
datasets,2026-04-22,4462612
datasets,2026-04-23,4789362
datasets,2026-04-24,5310275
datasets,2026-04-25,4159662
datasets,2026-04-26,3934591
datasets,2026-04-27,4601992
datasets,2026-04-28,4834761
datasets,2026-04-29,4803168
datasets,2026-04-30,4645789
datasets,2026-05-01,5263044
datasets,2026-05-02,4000087
datasets,2026-05-03,2823632
datasets,2026-05-04,4005202
datasets,2026-05-05,5132399
datasets,2026-05-06,5562441
datasets,2026-05-07,5070587
datasets,2026-05-08,4020699
datasets,2026-05-09,3322998
datasets,2026-05-10,2765134
datasets,2026-05-11,3752903
datasets,2026-05-12,4227836
datasets,2026-05-13,4236507
datasets,2026-05-14,4108526
datasets,2026-05-15,3783922
datasets,2026-05-16,2978365
datasets,2026-05-17,2968448
datasets,2026-05-18,4341449
datasets,2026-05-19,4348756
datasets,2026-05-20,4595606
datasets,2026-05-21,4484922
datasets,2026-05-22,3624208
datasets,2026-05-23,3582073
datasets,2026-05-24,3716524
datasets,2026-05-25,4287429
datasets,2026-05-26,4110593
datasets,2026-05-27,4485293
datasets,2026-05-28,4134188
datasets,2026-05-29,4382481
datasets,2026-05-30,3426545
datasets,2026-05-31,2784427
datasets,2026-06-01,3752314
datasets,2026-06-02,4791826
datasets,2026-06-03,5200424
datasets,2026-06-04,5698829
datasets,2026-06-05,5671599
datasets,2026-06-06,4009936
datasets,2026-06-07,3157609
datasets,2026-06-08,4523492
datasets,2026-06-09,4412781
datasets,2026-06-10,5525108
datasets,2026-06-11,4524346
datasets,2026-06-12,4623105
datasets,2026-06-13,3189456
datasets,2026-06-14,3866921
datasets,2026-06-15,4251798
datasets,2026-06-16,4599028
datasets,2026-06-17,4476412
datasets,2026-06-18,3951358
datasets,2026-06-19,4220056
datasets,2026-06-20,3329146
datasets,2026-06-21,3156125
datasets,2026-06-22,4607780
datasets,2026-06-23,5072733
datasets,2026-06-24,5269964
datasets,2026-06-25,4864672
datasets,2026-06-26,4688263
datasets,2026-06-27,3731935
datasets,2026-06-28,4073557
datasets,2026-06-29,4358861
datasets,2026-06-30,5310775
datasets,2026-07-01,5401890
datasets,2026-07-02,4318153
datasets,2026-07-03,3490458
datasets,2026-07-04,2796364
datasets,2026-07-05,2751124
datasets,2026-07-06,3854126
datasets,2026-07-07,4449008
datasets,2026-07-08,4525475
datasets,2026-07-09,4338356
datasets,2026-07-10,4484724
datasets,2026-07-11,3517017
datasets,2026-07-12,3573122
datasets,2026-07-13,4942479
datasets,2026-07-14,5244985
datasets,2026-07-15,4944655
datasets,2026-07-16,5182833
datasets,2026-07-17,4776019
datasets,2026-07-18,3359693
datasets,2026-07-19,3342613
datasets,2026-07-20,4861940
datasets,2026-07-21,4826949
datasets,2026-07-22,5250017
datasets,2026-07-23,4608029
datasets,2026-07-24,4893250
datasets,2026-07-25,3860560
datasets,2026-07-26,4199722
datasets,2026-07-27,5051571
datasets,2026-07-28,5781817
datasets,2026-07-29,5371219
datasets,2026-07-30,5448708
datasets,2026-07-31,5413989
datasets,2026-08-01,6075395
datasets,2026-08-02,5852874
datasets,2026-08-03,6464873
datasets,2026-08-04,7199820
datasets,2026-08-05,7025558
datasets,2026-08-06,7865016
datasets,2026-08-07,7166512
datasets,2026-08-08,5360278
datasets,2026-08-09,4427891
datasets,2026-08-10,5361666
datasets,2026-08-11,5330274
datasets,2026-08-12,5409663
datasets,2026-08-13,5327667
datasets,2026-08-14,4417785
datasets,2026-08-15,4062132
datasets,2026-08-16,4286942
datasets,2026-08-17,5059652
datasets,2026-08-18,5637342
datasets,2026-08-19,5721012
datasets,2026-08-20,5410030
datasets,2026-08-21,5694033
datasets,2026-08-22,4387687
datasets,2026-08-23,5614514
datasets,2026-08-24,4795610
datasets,2026-08-25,2704781
datasets,2026-08-26,2913725
datasets,2026-08-27,2508185
datasets,2026-08-28,2578418
datasets,2026-08-29,2056603
datasets,2026-08-30,2265683
datasets,2026-08-31,3200913
datasets,2026-09-01,3308009
datasets,2026-09-02,2965524
datasets,2026-09-03,3066008
datasets,2026-09-04,2980881
datasets,2026-09-05,2906732
datasets,2026-09-06,2671487
datasets,2026-09-07,2512477
datasets,2026-09-08,2607994
datasets,2026-09-09,2532546
datasets,2026-09-10,2877718
datasets,2026-09-11,2948868
datasets,2026-09-12,2188496
datasets,2026-09-13,1770726
datasets,2026-09-14,2678230
datasets,2026-09-15,2698113
datasets,2026-09-16,2276112
datasets,2026-09-17,2138420
datasets,2026-09-18,2244242
datasets,2026-09-19,1595430
datasets,2026-09-20,1550422
datasets,2026-09-21,2146215
datasets,2026-09-22,2299984
datasets,2026-09-23,2284407
datasets,2026-09-24,2341195
datasets,2026-09-25,1931615
datasets,2026-09-26,1583937
datasets,2026-09-27,1356928
datasets,2026-09-28,1788654
datasets,2026-09-29,2194953
datasets,2026-09-30,2299600
datasets,2026-10-01,2272227
docker,2026-04-06,6110190
docker,2026-04-07,7076135
docker,2026-04-08,7667513
docker,2026-04-09,7008993
docker,2026-04-10,7221163
docker,2026-04-11,5283566
docker,2026-04-12,5266259
docker,2026-04-13,6969280
docker,2026-04-14,7802255
docker,2026-04-15,8430224
docker,2026-04-16,7424779
docker,2026-04-17,7247137
docker,2026-04-18,5038107
docker,2026-04-19,4658319
docker,2026-04-20,7895186
docker,2026-04-21,8475159
docker,2026-04-22,7591100
docker,2026-04-23,8855828
docker,2026-04-24,9625837
docker,2026-04-25,6523570
docker,2026-04-26,7087397
docker,2026-04-27,8216516
docker,2026-04-28,8982735
docker,2026-04-29,8831838
docker,2026-04-30,9012909
docker,2026-05-01,7944679
docker,2026-05-02,7062151
docker,2026-05-03,5816401
docker,2026-05-04,8042652
docker,2026-05-05,9052505
docker,2026-05-06,8921982
docker,2026-05-07,8906093
docker,2026-05-08,6999887
docker,2026-05-09,5181467
docker,2026-05-10,4497719
docker,2026-05-11,8416733
docker,2026-05-12,8001870
docker,2026-05-13,7419390
docker,2026-05-14,7605060
docker,2026-05-15,7390887
docker,2026-05-16,6024554
docker,2026-05-17,6103480
docker,2026-05-18,8932458
docker,2026-05-19,9877072
docker,2026-05-20,9814432
docker,2026-05-21,9304255
docker,2026-05-22,7508033
docker,2026-05-23,5383688
docker,2026-05-24,4791038
docker,2026-05-25,5991231
docker,2026-05-26,6663772
docker,2026-05-27,7652143
docker,2026-05-28,8868991
docker,2026-05-29,8443974
docker,2026-05-30,5799625
docker,2026-05-31,5251897
docker,2026-06-01,6932325
docker,2026-06-02,8983992
docker,2026-06-03,10160527
docker,2026-06-04,10607713
docker,2026-06-05,9092234
docker,2026-06-06,6307934
docker,2026-06-07,5032246
docker,2026-06-08,8037656
docker,2026-06-09,7910318
docker,2026-06-10,9188274
docker,2026-06-11,8015841
docker,2026-06-12,7172846
docker,2026-06-13,4134421
docker,2026-06-14,4798732
docker,2026-06-15,7534740
docker,2026-06-16,8065149
docker,2026-06-17,7746347
docker,2026-06-18,7245903
docker,2026-06-19,6686669
docker,2026-06-20,4284250
docker,2026-06-21,4113647
docker,2026-06-22,7218023
docker,2026-06-23,7888911
docker,2026-06-24,8017140
docker,2026-06-25,7267999
docker,2026-06-26,6498097
docker,2026-06-27,3874770
docker,2026-06-28,3708694
docker,2026-06-29,6251451
docker,2026-06-30,6986174
docker,2026-07-01,6786758
docker,2026-07-02,6079705
docker,2026-07-03,4850223
docker,2026-07-04,3243835
docker,2026-07-05,3320102
docker,2026-07-06,5916700
docker,2026-07-07,6374301
docker,2026-07-08,6326746
docker,2026-07-09,6254927
docker,2026-07-10,6098926
docker,2026-07-11,3736352
docker,2026-07-12,3768805
docker,2026-07-13,6523974
docker,2026-07-14,7031954
docker,2026-07-15,6735334
docker,2026-07-16,6863472
docker,2026-07-17,6374953
docker,2026-07-18,3730439
docker,2026-07-19,3821541
docker,2026-07-20,6505447
docker,2026-07-21,6978281
docker,2026-07-22,6766072
docker,2026-07-23,6707051
docker,2026-07-24,6495894
docker,2026-07-25,4116255
docker,2026-07-26,4609439
docker,2026-07-27,7213038
docker,2026-07-28,7569585
docker,2026-07-29,7600612
docker,2026-07-30,7497915
docker,2026-07-31,6700094
docker,2026-08-01,6019434
docker,2026-08-02,5682732
docker,2026-08-03,7517565
docker,2026-08-04,8840904
docker,2026-08-05,9251038
docker,2026-08-06,9823766
docker,2026-08-07,9155872
docker,2026-08-08,5101593
docker,2026-08-09,4439379
docker,2026-08-10,7300852
docker,2026-08-11,7873922
docker,2026-08-12,8080984
docker,2026-08-13,7654670
docker,2026-08-14,6456649
docker,2026-08-15,4148472
docker,2026-08-16,4049342
docker,2026-08-17,6338949
docker,2026-08-18,7488705
docker,2026-08-19,7077348
docker,2026-08-20,6901692
docker,2026-08-21,6830610
docker,2026-08-22,4213211
docker,2026-08-23,4663570
docker,2026-08-24,6404912
docker,2026-08-25,4993809
docker,2026-08-26,4987445
docker,2026-08-27,4872021
docker,2026-08-28,4350906
docker,2026-08-29,2586969
docker,2026-08-30,2633255
docker,2026-08-31,4494371
docker,2026-09-01,5263301
docker,2026-09-02,5014652
docker,2026-09-03,5052432
docker,2026-09-04,4416519
docker,2026-09-05,2835321
docker,2026-09-06,2953092
docker,2026-09-07,4100030
docker,2026-09-08,5386760
docker,2026-09-09,5332514
docker,2026-09-10,5535240
docker,2026-09-11,5037852
docker,2026-09-12,2812903
docker,2026-09-13,2502243
docker,2026-09-14,4861565
docker,2026-09-15,5307987
docker,2026-09-16,5154241
docker,2026-09-17,4902128
docker,2026-09-18,4651656
docker,2026-09-19,2633147
docker,2026-09-20,2457222
docker,2026-09-21,4464007
docker,2026-09-22,4822007
docker,2026-09-23,5029214
docker,2026-09-24,5032022
docker,2026-09-25,4422226
docker,2026-09-26,2940708
docker,2026-09-27,2800384
docker,2026-09-28,4819596
docker,2026-09-29,5459755
docker,2026-09-30,5403190
docker,2026-10-01,5297252
gradio,2026-04-06,456828
gradio,2026-04-07,724420
gradio,2026-04-08,849257
gradio,2026-04-09,890702
gradio,2026-04-10,687950
gradio,2026-04-11,540561
gradio,2026-04-12,544043
gradio,2026-04-13,660312
gradio,2026-04-14,520788
gradio,2026-04-15,490768
gradio,2026-04-16,521209
gradio,2026-04-17,530486
gradio,2026-04-18,409540
gradio,2026-04-19,403499
gradio,2026-04-20,543453
gradio,2026-04-21,580900
gradio,2026-04-22,541259
gradio,2026-04-23,515249
gradio,2026-04-24,533386
gradio,2026-04-25,511422
gradio,2026-04-26,417126
gradio,2026-04-27,594616
gradio,2026-04-28,482627
gradio,2026-04-29,497463
gradio,2026-04-30,493765
gradio,2026-05-01,397658
gradio,2026-05-02,322245
gradio,2026-05-03,348705
gradio,2026-05-04,528466
gradio,2026-05-05,529662
gradio,2026-05-06,564970
gradio,2026-05-07,544111
gradio,2026-05-08,430107
gradio,2026-05-09,382499
gradio,2026-05-10,451626
gradio,2026-05-11,536742
gradio,2026-05-12,483939
gradio,2026-05-13,527425
gradio,2026-05-14,492130
gradio,2026-05-15,485724
gradio,2026-05-16,413969
gradio,2026-05-17,417466
gradio,2026-05-18,534233
gradio,2026-05-19,557558
gradio,2026-05-20,582927
gradio,2026-05-21,634617
gradio,2026-05-22,559176
gradio,2026-05-23,443961
gradio,2026-05-24,502663
gradio,2026-05-25,490858
gradio,2026-05-26,495323
gradio,2026-05-27,513016
gradio,2026-05-28,587495
gradio,2026-05-29,531098
gradio,2026-05-30,360061
gradio,2026-05-31,366599
gradio,2026-06-01,453668
gradio,2026-06-02,476629
gradio,2026-06-03,451205
gradio,2026-06-04,476566
gradio,2026-06-05,410580
gradio,2026-06-06,326753
gradio,2026-06-07,362501
gradio,2026-06-08,464652
gradio,2026-06-09,461080
gradio,2026-06-10,433727
gradio,2026-06-11,461617
gradio,2026-06-12,438619
gradio,2026-06-13,321915
gradio,2026-06-14,298783
gradio,2026-06-15,442149
gradio,2026-06-16,471255
gradio,2026-06-17,474976
gradio,2026-06-18,446268
gradio,2026-06-19,422445
gradio,2026-06-20,379396
gradio,2026-06-21,359261
gradio,2026-06-22,490987
gradio,2026-06-23,477271
gradio,2026-06-24,529035
gradio,2026-06-25,506834
gradio,2026-06-26,464370
gradio,2026-06-27,468683
gradio,2026-06-28,802079
gradio,2026-06-29,530588
gradio,2026-06-30,483072
gradio,2026-07-01,533504
gradio,2026-07-02,462983
gradio,2026-07-03,425403
gradio,2026-07-04,333945
gradio,2026-07-05,352633
gradio,2026-07-06,472291
gradio,2026-07-07,526865
gradio,2026-07-08,518782
gradio,2026-07-09,508075
gradio,2026-07-10,514099
gradio,2026-07-11,379115
gradio,2026-07-12,351336
gradio,2026-07-13,508921
gradio,2026-07-14,545825
gradio,2026-07-15,543485
gradio,2026-07-16,523440
gradio,2026-07-17,479602
gradio,2026-07-18,350512
gradio,2026-07-19,334790
gradio,2026-07-20,480906
gradio,2026-07-21,534339
gradio,2026-07-22,506435
gradio,2026-07-23,533220
gradio,2026-07-24,534616
gradio,2026-07-25,385104
gradio,2026-07-26,407407
gradio,2026-07-27,504175
gradio,2026-07-28,530459
gradio,2026-07-29,546017
gradio,2026-07-30,570950
gradio,2026-07-31,613446
gradio,2026-08-01,435848
gradio,2026-08-02,422115
gradio,2026-08-03,605175
gradio,2026-08-04,570675
gradio,2026-08-05,600483
gradio,2026-08-06,614552
gradio,2026-08-07,567265
gradio,2026-08-08,451389
gradio,2026-08-09,445828
gradio,2026-08-10,515921
gradio,2026-08-11,569881
gradio,2026-08-12,684491
gradio,2026-08-13,697128
gradio,2026-08-14,583702
gradio,2026-08-15,469819
gradio,2026-08-16,444225
gradio,2026-08-17,558364
gradio,2026-08-18,513565
gradio,2026-08-19,570144
gradio,2026-08-20,519896
gradio,2026-08-21,555903
gradio,2026-08-22,436523
gradio,2026-08-23,411153
gradio,2026-08-24,480622
gradio,2026-08-25,172436
gradio,2026-08-26,174046
gradio,2026-08-27,171391
gradio,2026-08-28,182860
gradio,2026-08-29,135254
gradio,2026-08-30,122509
gradio,2026-08-31,202724
gradio,2026-09-01,193647
gradio,2026-09-02,199432
gradio,2026-09-03,203808
gradio,2026-09-04,196685
gradio,2026-09-05,141928
gradio,2026-09-06,136196
gradio,2026-09-07,160206
gradio,2026-09-08,274778
gradio,2026-09-09,173057
gradio,2026-09-10,162287
gradio,2026-09-11,162286
gradio,2026-09-12,125566
gradio,2026-09-13,124371
gradio,2026-09-14,188318
gradio,2026-09-15,192294
gradio,2026-09-16,197032
gradio,2026-09-17,203107
gradio,2026-09-18,176421
gradio,2026-09-19,130255
gradio,2026-09-20,128264
gradio,2026-09-21,180896
gradio,2026-09-22,184537
gradio,2026-09-23,201801
gradio,2026-09-24,201155
gradio,2026-09-25,174328
gradio,2026-09-26,130863
gradio,2026-09-27,142908
gradio,2026-09-28,193215
gradio,2026-09-29,208287
gradio,2026-09-30,204280
gradio,2026-10-01,187547
httpx,2026-04-06,17347209
httpx,2026-04-07,20819037
httpx,2026-04-08,23862405
httpx,2026-04-09,22999550
httpx,2026-04-10,21637293
httpx,2026-04-11,15051259
httpx,2026-04-12,17972661
httpx,2026-04-13,24732630
httpx,2026-04-14,26824696
httpx,2026-04-15,25537759
httpx,2026-04-16,24071581
httpx,2026-04-17,24099545
httpx,2026-04-18,16981032
httpx,2026-04-19,16663729
httpx,2026-04-20,25934433
httpx,2026-04-21,26749755
httpx,2026-04-22,27173985
httpx,2026-04-23,27314478
httpx,2026-04-24,26898220
httpx,2026-04-25,18474095
httpx,2026-04-26,18536946
httpx,2026-04-27,25030671
httpx,2026-04-28,25717122
httpx,2026-04-29,24890284
httpx,2026-04-30,24438522
httpx,2026-05-01,21406490
httpx,2026-05-02,15995773
httpx,2026-05-03,14835130
httpx,2026-05-04,22810202
httpx,2026-05-05,25479109
httpx,2026-05-06,26949157
httpx,2026-05-07,27626051
httpx,2026-05-08,23951684
httpx,2026-05-09,19022723
httpx,2026-05-10,18374600
httpx,2026-05-11,28918031
httpx,2026-05-12,28795658
httpx,2026-05-13,28291624
httpx,2026-05-14,27780897
httpx,2026-05-15,26241912
httpx,2026-05-16,20141634
httpx,2026-05-17,20300455
httpx,2026-05-18,28437756
httpx,2026-05-19,28970641
httpx,2026-05-20,27995172
httpx,2026-05-21,27054172
httpx,2026-05-22,24579225
httpx,2026-05-23,16659147
httpx,2026-05-24,16745307
httpx,2026-05-25,21757022
httpx,2026-05-26,24124135
httpx,2026-05-27,26485103
httpx,2026-05-28,27416058
httpx,2026-05-29,26282752
httpx,2026-05-30,17956804
httpx,2026-05-31,17256083
httpx,2026-06-01,25475373
httpx,2026-06-02,28317257
httpx,2026-06-03,29297625
httpx,2026-06-04,29411996
httpx,2026-06-05,27129515
httpx,2026-06-06,17960673
httpx,2026-06-07,17049611
httpx,2026-06-08,27125534
httpx,2026-06-09,27883327
httpx,2026-06-10,30382957
httpx,2026-06-11,29528043
httpx,2026-06-12,26916331
httpx,2026-06-13,17068662
httpx,2026-06-14,17676348
httpx,2026-06-15,27835046
httpx,2026-06-16,29199881
httpx,2026-06-17,28422206
httpx,2026-06-18,27245991
httpx,2026-06-19,23607543
httpx,2026-06-20,17517770
httpx,2026-06-21,16905177
httpx,2026-06-22,27045569
httpx,2026-06-23,27881650
httpx,2026-06-24,28181958
httpx,2026-06-25,26835363
httpx,2026-06-26,24501146
httpx,2026-06-27,16294105
httpx,2026-06-28,17166212
httpx,2026-06-29,25598984
httpx,2026-06-30,27535671
httpx,2026-07-01,28623684
httpx,2026-07-02,27521990
httpx,2026-07-03,23180912
httpx,2026-07-04,16989839
httpx,2026-07-05,16751456
httpx,2026-07-06,26432756
httpx,2026-07-07,28437209
httpx,2026-07-08,27659211
httpx,2026-07-09,26929962
httpx,2026-07-10,26513318
httpx,2026-07-11,18014288
httpx,2026-07-12,18600082
httpx,2026-07-13,28481179
httpx,2026-07-14,29066968
httpx,2026-07-15,29341349
httpx,2026-07-16,29464121
httpx,2026-07-17,28076991
httpx,2026-07-18,17897411
httpx,2026-07-19,17280262
httpx,2026-07-20,27207128
httpx,2026-07-21,29130401
httpx,2026-07-22,29409473
httpx,2026-07-23,29037615
httpx,2026-07-24,27628532
httpx,2026-07-25,18092327
httpx,2026-07-26,18487253
httpx,2026-07-27,30591799
httpx,2026-07-28,31724327
httpx,2026-07-29,31302471
httpx,2026-07-30,30577025
httpx,2026-07-31,28679847
httpx,2026-08-01,21628628
httpx,2026-08-02,22145270
httpx,2026-08-03,33438771
httpx,2026-08-04,33856950
httpx,2026-08-05,34354284
httpx,2026-08-06,31701267
httpx,2026-08-07,34029617
httpx,2026-08-08,22147825
httpx,2026-08-09,21861250
httpx,2026-08-10,31790352
httpx,2026-08-11,33371327
httpx,2026-08-12,33650982
httpx,2026-08-13,33208137
httpx,2026-08-14,31154895
httpx,2026-08-15,21733575
httpx,2026-08-16,21760604
httpx,2026-08-17,31351905
httpx,2026-08-18,33915024
httpx,2026-08-19,32645881
httpx,2026-08-20,32302558
httpx,2026-08-21,31404684
httpx,2026-08-22,21376982
httpx,2026-08-23,22102697
httpx,2026-08-24,29029458
httpx,2026-08-25,21337246
httpx,2026-08-26,21134565
httpx,2026-08-27,20463908
httpx,2026-08-28,18449318
httpx,2026-08-29,12435785
httpx,2026-08-30,12290945
httpx,2026-08-31,19718905
httpx,2026-09-01,22465150
httpx,2026-09-02,22309247
httpx,2026-09-03,22150566
httpx,2026-09-04,19969855
httpx,2026-09-05,13904998
httpx,2026-09-06,13994175
httpx,2026-09-07,19111593
httpx,2026-09-08,23592930
httpx,2026-09-09,23110203
httpx,2026-09-10,23138539
httpx,2026-09-11,21004420
httpx,2026-09-12,13415450
httpx,2026-09-13,12928826
httpx,2026-09-14,21689496
httpx,2026-09-15,23450171
httpx,2026-09-16,22773340
httpx,2026-09-17,23258454
httpx,2026-09-18,22593820
httpx,2026-09-19,14096259
httpx,2026-09-20,13656725
httpx,2026-09-21,21826624
httpx,2026-09-22,23561347
httpx,2026-09-23,24875635
httpx,2026-09-24,24532222
httpx,2026-09-25,22247657
httpx,2026-09-26,14667715
httpx,2026-09-27,15224746
httpx,2026-09-28,23701971
httpx,2026-09-29,26132564
httpx,2026-09-30,25021721
httpx,2026-10-01,25302701
huggingface-hub,2026-04-06,6670832
huggingface-hub,2026-04-07,8071456
huggingface-hub,2026-04-08,8437179
huggingface-hub,2026-04-09,7993596
huggingface-hub,2026-04-10,7738315
huggingface-hub,2026-04-11,5635222
huggingface-hub,2026-04-12,5458542
huggingface-hub,2026-04-13,8115177
huggingface-hub,2026-04-14,8285066
huggingface-hub,2026-04-15,8584838
huggingface-hub,2026-04-16,8237129
huggingface-hub,2026-04-17,8048650
huggingface-hub,2026-04-18,5718372
huggingface-hub,2026-04-19,5492577
huggingface-hub,2026-04-20,8610766
huggingface-hub,2026-04-21,8278267
huggingface-hub,2026-04-22,9269183
huggingface-hub,2026-04-23,9377858
huggingface-hub,2026-04-24,9474828
huggingface-hub,2026-04-25,7335639
huggingface-hub,2026-04-26,7265650
huggingface-hub,2026-04-27,8852618
huggingface-hub,2026-04-28,9395389
huggingface-hub,2026-04-29,9391761
huggingface-hub,2026-04-30,9519639
huggingface-hub,2026-05-01,9441796
huggingface-hub,2026-05-02,7057818
huggingface-hub,2026-05-03,5770105
huggingface-hub,2026-05-04,8377498
huggingface-hub,2026-05-05,9734952
huggingface-hub,2026-05-06,10688967
huggingface-hub,2026-05-07,10184288
huggingface-hub,2026-05-08,8275702
huggingface-hub,2026-05-09,6179976
huggingface-hub,2026-05-10,5641998
huggingface-hub,2026-05-11,8311224
huggingface-hub,2026-05-12,9022850
huggingface-hub,2026-05-13,8991831
huggingface-hub,2026-05-14,8688075
huggingface-hub,2026-05-15,8186330
huggingface-hub,2026-05-16,6094952
huggingface-hub,2026-05-17,6031811
huggingface-hub,2026-05-18,8786921
huggingface-hub,2026-05-19,9628400
huggingface-hub,2026-05-20,10144161
huggingface-hub,2026-05-21,10174204
huggingface-hub,2026-05-22,9670018
huggingface-hub,2026-05-23,7538416
huggingface-hub,2026-05-24,7759069
huggingface-hub,2026-05-25,9107657
huggingface-hub,2026-05-26,9491010
huggingface-hub,2026-05-27,10214514
huggingface-hub,2026-05-28,9652528
huggingface-hub,2026-05-29,10233108
huggingface-hub,2026-05-30,7847171
huggingface-hub,2026-05-31,6896888
huggingface-hub,2026-06-01,10053680
huggingface-hub,2026-06-02,11628311
huggingface-hub,2026-06-03,12402134
huggingface-hub,2026-06-04,12553822
huggingface-hub,2026-06-05,13538628
huggingface-hub,2026-06-06,10163959
huggingface-hub,2026-06-07,9220503
huggingface-hub,2026-06-08,12719436
huggingface-hub,2026-06-09,13590961
huggingface-hub,2026-06-10,15954759
huggingface-hub,2026-06-11,15418131
huggingface-hub,2026-06-12,14606951
huggingface-hub,2026-06-13,10301423
huggingface-hub,2026-06-14,10938246
huggingface-hub,2026-06-15,14419225
huggingface-hub,2026-06-16,15657688
huggingface-hub,2026-06-17,15293912
huggingface-hub,2026-06-18,14549899
huggingface-hub,2026-06-19,13732053
huggingface-hub,2026-06-20,11305547
huggingface-hub,2026-06-21,10961633
huggingface-hub,2026-06-22,15644822
huggingface-hub,2026-06-23,16829887
huggingface-hub,2026-06-24,17172065
huggingface-hub,2026-06-25,15073704
huggingface-hub,2026-06-26,14986266
huggingface-hub,2026-06-27,12090293
huggingface-hub,2026-06-28,12126557
huggingface-hub,2026-06-29,15253330
huggingface-hub,2026-06-30,18649092
huggingface-hub,2026-07-01,20612534
huggingface-hub,2026-07-02,16010852
huggingface-hub,2026-07-03,13179771
huggingface-hub,2026-07-04,10037692
huggingface-hub,2026-07-05,9489490
huggingface-hub,2026-07-06,13022722
huggingface-hub,2026-07-07,13948529
huggingface-hub,2026-07-08,13703415
huggingface-hub,2026-07-09,13995954
huggingface-hub,2026-07-10,13957153
huggingface-hub,2026-07-11,10218644
huggingface-hub,2026-07-12,11033783
huggingface-hub,2026-07-13,14262819
huggingface-hub,2026-07-14,15447568
huggingface-hub,2026-07-15,15001205
huggingface-hub,2026-07-16,14923552
huggingface-hub,2026-07-17,16267982
huggingface-hub,2026-07-18,11302944
huggingface-hub,2026-07-19,10965380
huggingface-hub,2026-07-20,13871149
huggingface-hub,2026-07-21,14652117
huggingface-hub,2026-07-22,16141975
huggingface-hub,2026-07-23,15075137
huggingface-hub,2026-07-24,15327695
huggingface-hub,2026-07-25,11346543
huggingface-hub,2026-07-26,11312194
huggingface-hub,2026-07-27,15955383
huggingface-hub,2026-07-28,17746136
huggingface-hub,2026-07-29,17769753
huggingface-hub,2026-07-30,18909226
huggingface-hub,2026-07-31,17509504
huggingface-hub,2026-08-01,14771513
huggingface-hub,2026-08-02,13825338
huggingface-hub,2026-08-03,18483909
huggingface-hub,2026-08-04,20593875
huggingface-hub,2026-08-05,20849525
huggingface-hub,2026-08-06,20092278
huggingface-hub,2026-08-07,22067423
huggingface-hub,2026-08-08,17315489
huggingface-hub,2026-08-09,16055343
huggingface-hub,2026-08-10,19937328
huggingface-hub,2026-08-11,20265592
huggingface-hub,2026-08-12,19774465
huggingface-hub,2026-08-13,18442063
huggingface-hub,2026-08-14,16632040
huggingface-hub,2026-08-15,13210898
huggingface-hub,2026-08-16,13253422
huggingface-hub,2026-08-17,17342163
huggingface-hub,2026-08-18,18690453
huggingface-hub,2026-08-19,18266137
huggingface-hub,2026-08-20,19095142
huggingface-hub,2026-08-21,19441966
huggingface-hub,2026-08-22,13955188
huggingface-hub,2026-08-23,14102646
huggingface-hub,2026-08-24,14934291
huggingface-hub,2026-08-25,7649012
huggingface-hub,2026-08-26,7862782
huggingface-hub,2026-08-27,7975517
huggingface-hub,2026-08-28,7982616
huggingface-hub,2026-08-29,5701376
huggingface-hub,2026-08-30,5429440
huggingface-hub,2026-08-31,7547625
huggingface-hub,2026-09-01,8545727
huggingface-hub,2026-09-02,8208074
huggingface-hub,2026-09-03,8669703
huggingface-hub,2026-09-04,7808675
huggingface-hub,2026-09-05,5875306
huggingface-hub,2026-09-06,5425904
huggingface-hub,2026-09-07,6846333
huggingface-hub,2026-09-08,8313592
huggingface-hub,2026-09-09,8388330
huggingface-hub,2026-09-10,8905204
huggingface-hub,2026-09-11,8422886
huggingface-hub,2026-09-12,5876789
huggingface-hub,2026-09-13,5199355
huggingface-hub,2026-09-14,7815249
huggingface-hub,2026-09-15,8268585
huggingface-hub,2026-09-16,8149023
huggingface-hub,2026-09-17,8313975
huggingface-hub,2026-09-18,8578519
huggingface-hub,2026-09-19,5872589
huggingface-hub,2026-09-20,5383151
huggingface-hub,2026-09-21,7738835
huggingface-hub,2026-09-22,8194151
huggingface-hub,2026-09-23,9008478
huggingface-hub,2026-09-24,9194270
huggingface-hub,2026-09-25,8357147
huggingface-hub,2026-09-26,6279207
huggingface-hub,2026-09-27,5960074
huggingface-hub,2026-09-28,8284840
huggingface-hub,2026-09-29,9305661
huggingface-hub,2026-09-30,9365794
huggingface-hub,2026-10-01,9547528
jupyter,2026-04-06,466626
jupyter,2026-04-07,567998
jupyter,2026-04-08,658091
jupyter,2026-04-09,676893
jupyter,2026-04-10,577667
jupyter,2026-04-11,396434
jupyter,2026-04-12,301318
jupyter,2026-04-13,678927
jupyter,2026-04-14,608066
jupyter,2026-04-15,688518
jupyter,2026-04-16,656419
jupyter,2026-04-17,606208
jupyter,2026-04-18,407006
jupyter,2026-04-19,340124
jupyter,2026-04-20,611467
jupyter,2026-04-21,684754
jupyter,2026-04-22,758946
jupyter,2026-04-23,942786
jupyter,2026-04-24,881839
jupyter,2026-04-25,651041
jupyter,2026-04-26,843734
jupyter,2026-04-27,951547
jupyter,2026-04-28,792047
jupyter,2026-04-29,644931
jupyter,2026-04-30,616637
jupyter,2026-05-01,527556
jupyter,2026-05-02,349213
jupyter,2026-05-03,337061
jupyter,2026-05-04,572031
jupyter,2026-05-05,648920
jupyter,2026-05-06,752542
jupyter,2026-05-07,690239
jupyter,2026-05-08,679445
jupyter,2026-05-09,426750
jupyter,2026-05-10,342404
jupyter,2026-05-11,694932
jupyter,2026-05-12,741950
jupyter,2026-05-13,688261
jupyter,2026-05-14,758196
jupyter,2026-05-15,589345
jupyter,2026-05-16,389925
jupyter,2026-05-17,329410
jupyter,2026-05-18,624933
jupyter,2026-05-19,700249
jupyter,2026-05-20,647101
jupyter,2026-05-21,615806
jupyter,2026-05-22,548416
jupyter,2026-05-23,360686
jupyter,2026-05-24,330110
jupyter,2026-05-25,436281
jupyter,2026-05-26,575406
jupyter,2026-05-27,656600
jupyter,2026-05-28,629357
jupyter,2026-05-29,587878
jupyter,2026-05-30,356184
jupyter,2026-05-31,356771
jupyter,2026-06-01,598222
jupyter,2026-06-02,630232
jupyter,2026-06-03,840062
jupyter,2026-06-04,598330
jupyter,2026-06-05,527834
jupyter,2026-06-06,339449
jupyter,2026-06-07,332479
jupyter,2026-06-08,596063
jupyter,2026-06-09,630469
jupyter,2026-06-10,638000
jupyter,2026-06-11,607783
jupyter,2026-06-12,557187
jupyter,2026-06-13,325745
jupyter,2026-06-14,288936
jupyter,2026-06-15,658297
jupyter,2026-06-16,624579
jupyter,2026-06-17,626696
jupyter,2026-06-18,593305
jupyter,2026-06-19,493730
jupyter,2026-06-20,367484
jupyter,2026-06-21,372054
jupyter,2026-06-22,620760
jupyter,2026-06-23,682038
jupyter,2026-06-24,609549
jupyter,2026-06-25,601611
jupyter,2026-06-26,521460
jupyter,2026-06-27,319584
jupyter,2026-06-28,283639
jupyter,2026-06-29,526341
jupyter,2026-06-30,548339
jupyter,2026-07-01,571336
jupyter,2026-07-02,539271
jupyter,2026-07-03,420330
jupyter,2026-07-04,292160
jupyter,2026-07-05,294834
jupyter,2026-07-06,552927
jupyter,2026-07-07,594771
jupyter,2026-07-08,597606
jupyter,2026-07-09,597188
jupyter,2026-07-10,588556
jupyter,2026-07-11,407245
jupyter,2026-07-12,429320
jupyter,2026-07-13,788696
jupyter,2026-07-14,844942
jupyter,2026-07-15,773485
jupyter,2026-07-16,767845
jupyter,2026-07-17,662620
jupyter,2026-07-18,406412
jupyter,2026-07-19,428688
jupyter,2026-07-20,659812
jupyter,2026-07-21,724548
jupyter,2026-07-22,682737
jupyter,2026-07-23,670233
jupyter,2026-07-24,611931
jupyter,2026-07-25,366200
jupyter,2026-07-26,347492
jupyter,2026-07-27,662947
jupyter,2026-07-28,674045
jupyter,2026-07-29,661084
jupyter,2026-07-30,672587
jupyter,2026-07-31,632307
jupyter,2026-08-01,400646
jupyter,2026-08-02,363809
jupyter,2026-08-03,642532
jupyter,2026-08-04,655118
jupyter,2026-08-05,666055
jupyter,2026-08-06,587974
jupyter,2026-08-07,650484
jupyter,2026-08-08,397179
jupyter,2026-08-09,360156
jupyter,2026-08-10,602816
jupyter,2026-08-11,663891
jupyter,2026-08-12,682835
jupyter,2026-08-13,654738
jupyter,2026-08-14,618159
jupyter,2026-08-15,377523
jupyter,2026-08-16,326978
jupyter,2026-08-17,601953
jupyter,2026-08-18,673907
jupyter,2026-08-19,638017
jupyter,2026-08-20,642261
jupyter,2026-08-21,624364
jupyter,2026-08-22,355109
jupyter,2026-08-23,336657
jupyter,2026-08-24,587884
jupyter,2026-08-25,501249
jupyter,2026-08-26,492697
jupyter,2026-08-27,488028
jupyter,2026-08-28,421058
jupyter,2026-08-29,230276
jupyter,2026-08-30,224808
jupyter,2026-08-31,450512
jupyter,2026-09-01,505494
jupyter,2026-09-02,529466
jupyter,2026-09-03,553242
jupyter,2026-09-04,509916
jupyter,2026-09-05,248196
jupyter,2026-09-06,223404
jupyter,2026-09-07,361335
jupyter,2026-09-08,519175
jupyter,2026-09-09,519743
jupyter,2026-09-10,518110
jupyter,2026-09-11,480088
jupyter,2026-09-12,236906
jupyter,2026-09-13,223585
jupyter,2026-09-14,472842
jupyter,2026-09-15,519140
jupyter,2026-09-16,512966
jupyter,2026-09-17,495793
jupyter,2026-09-18,460744
jupyter,2026-09-19,243323
jupyter,2026-09-20,217446
jupyter,2026-09-21,434943
jupyter,2026-09-22,459988
jupyter,2026-09-23,482725
jupyter,2026-09-24,467596
jupyter,2026-09-25,445351
jupyter,2026-09-26,242837
jupyter,2026-09-27,236266
jupyter,2026-09-28,465238
jupyter,2026-09-29,521575
jupyter,2026-09-30,534169
jupyter,2026-10-01,529270
jupyterlab,2026-04-06,1574802
jupyterlab,2026-04-07,1920943
jupyterlab,2026-04-08,2011376
jupyterlab,2026-04-09,2051566
jupyterlab,2026-04-10,1887480
jupyterlab,2026-04-11,1341415
jupyterlab,2026-04-12,1181799
jupyterlab,2026-04-13,2018774
jupyterlab,2026-04-14,1996001
jupyterlab,2026-04-15,2002862
jupyterlab,2026-04-16,1921293
jupyterlab,2026-04-17,1802137
jupyterlab,2026-04-18,1336488
jupyterlab,2026-04-19,1239863
jupyterlab,2026-04-20,1885988
jupyterlab,2026-04-21,2049183
jupyterlab,2026-04-22,2078917
jupyterlab,2026-04-23,2280656
jupyterlab,2026-04-24,2110479
jupyterlab,2026-04-25,1555430
jupyterlab,2026-04-26,1740869
jupyterlab,2026-04-27,2172453
jupyterlab,2026-04-28,2138011
jupyterlab,2026-04-29,1899954
jupyterlab,2026-04-30,1852361
jupyterlab,2026-05-01,1623849
jupyterlab,2026-05-02,1152751
jupyterlab,2026-05-03,1167937
jupyterlab,2026-05-04,1764495
jupyterlab,2026-05-05,1979059
jupyterlab,2026-05-06,2145396
jupyterlab,2026-05-07,2031694
jupyterlab,2026-05-08,1903555
jupyterlab,2026-05-09,1371930
jupyterlab,2026-05-10,1213741
jupyterlab,2026-05-11,2004235
jupyterlab,2026-05-12,2050176
jupyterlab,2026-05-13,1972455
jupyterlab,2026-05-14,1980839
jupyterlab,2026-05-15,1767302
jupyterlab,2026-05-16,1272586
jupyterlab,2026-05-17,1215656
jupyterlab,2026-05-18,1885950
jupyterlab,2026-05-19,2024570
jupyterlab,2026-05-20,1943996
jupyterlab,2026-05-21,1857329
jupyterlab,2026-05-22,1719766
jupyterlab,2026-05-23,1194790
jupyterlab,2026-05-24,1156530
jupyterlab,2026-05-25,1467097
jupyterlab,2026-05-26,1713438
jupyterlab,2026-05-27,1871880
jupyterlab,2026-05-28,1848823
jupyterlab,2026-05-29,1776247
jupyterlab,2026-05-30,1219214
jupyterlab,2026-05-31,1203240
jupyterlab,2026-06-01,1802272
jupyterlab,2026-06-02,1850889
jupyterlab,2026-06-03,2017136
jupyterlab,2026-06-04,1809608
jupyterlab,2026-06-05,1704605
jupyterlab,2026-06-06,1186127
jupyterlab,2026-06-07,1187599
jupyterlab,2026-06-08,1755559
jupyterlab,2026-06-09,1848764
jupyterlab,2026-06-10,1829883
jupyterlab,2026-06-11,1904511
jupyterlab,2026-06-12,1704406
jupyterlab,2026-06-13,1111060
jupyterlab,2026-06-14,1064349
jupyterlab,2026-06-15,1804963
jupyterlab,2026-06-16,1827150
jupyterlab,2026-06-17,1926653
jupyterlab,2026-06-18,1887089
jupyterlab,2026-06-19,1568054
jupyterlab,2026-06-20,1228577
jupyterlab,2026-06-21,1202300
jupyterlab,2026-06-22,1795763
jupyterlab,2026-06-23,1932095
jupyterlab,2026-06-24,1807407
jupyterlab,2026-06-25,1786935
jupyterlab,2026-06-26,1616383
jupyterlab,2026-06-27,1105690
jupyterlab,2026-06-28,1064132
jupyterlab,2026-06-29,1656748
jupyterlab,2026-06-30,1756354
jupyterlab,2026-07-01,1820499
jupyterlab,2026-07-02,1719250
jupyterlab,2026-07-03,1473746
jupyterlab,2026-07-04,1117326
jupyterlab,2026-07-05,1154743
jupyterlab,2026-07-06,1724819
jupyterlab,2026-07-07,1853213
jupyterlab,2026-07-08,1827327
jupyterlab,2026-07-09,1997708
jupyterlab,2026-07-10,1991837
jupyterlab,2026-07-11,1219413
jupyterlab,2026-07-12,1237651
jupyterlab,2026-07-13,1973505
jupyterlab,2026-07-14,2072642
jupyterlab,2026-07-15,1990507
jupyterlab,2026-07-16,1946726
jupyterlab,2026-07-17,1780305
jupyterlab,2026-07-18,1243289
jupyterlab,2026-07-19,1260304
jupyterlab,2026-07-20,2003382
jupyterlab,2026-07-21,1999462
jupyterlab,2026-07-22,1834446
jupyterlab,2026-07-23,1882123
jupyterlab,2026-07-24,1682400
jupyterlab,2026-07-25,1197073
jupyterlab,2026-07-26,1180654
jupyterlab,2026-07-27,1848441
jupyterlab,2026-07-28,1789183
jupyterlab,2026-07-29,1746654
jupyterlab,2026-07-30,1737965
jupyterlab,2026-07-31,1732124
jupyterlab,2026-08-01,1190899
jupyterlab,2026-08-02,1175252
jupyterlab,2026-08-03,1757944
jupyterlab,2026-08-04,1766865
jupyterlab,2026-08-05,1741910
jupyterlab,2026-08-06,1594658
jupyterlab,2026-08-07,1695511
jupyterlab,2026-08-08,1166797
jupyterlab,2026-08-09,1149617
jupyterlab,2026-08-10,1693858
jupyterlab,2026-08-11,1804234
jupyterlab,2026-08-12,1836294
jupyterlab,2026-08-13,1812858
jupyterlab,2026-08-14,1744903
jupyterlab,2026-08-15,1197810
jupyterlab,2026-08-16,1214373
jupyterlab,2026-08-17,1711662
jupyterlab,2026-08-18,1794206
jupyterlab,2026-08-19,1748303
jupyterlab,2026-08-20,1746432
jupyterlab,2026-08-21,1771188
jupyterlab,2026-08-22,1186613
jupyterlab,2026-08-23,1214327
jupyterlab,2026-08-24,1722615
jupyterlab,2026-08-25,1187423
jupyterlab,2026-08-26,1126781
jupyterlab,2026-08-27,1140367
jupyterlab,2026-08-28,1027677
jupyterlab,2026-08-29,713214
jupyterlab,2026-08-30,669469
jupyterlab,2026-08-31,1179851
jupyterlab,2026-09-01,1232235
jupyterlab,2026-09-02,1254327
jupyterlab,2026-09-03,1268569
jupyterlab,2026-09-04,1118651
jupyterlab,2026-09-05,674852
jupyterlab,2026-09-06,672669
jupyterlab,2026-09-07,993450
jupyterlab,2026-09-08,1280963
jupyterlab,2026-09-09,1194382
jupyterlab,2026-09-10,1184634
jupyterlab,2026-09-11,1088905
jupyterlab,2026-09-12,651859
jupyterlab,2026-09-13,629811
jupyterlab,2026-09-14,1116858
jupyterlab,2026-09-15,1246508
jupyterlab,2026-09-16,1167932
jupyterlab,2026-09-17,1143232
jupyterlab,2026-09-18,1100921
jupyterlab,2026-09-19,679154
jupyterlab,2026-09-20,630441
jupyterlab,2026-09-21,1065717
jupyterlab,2026-09-22,1154682
jupyterlab,2026-09-23,1185224
jupyterlab,2026-09-24,1156973
jupyterlab,2026-09-25,1077288
jupyterlab,2026-09-26,670908
jupyterlab,2026-09-27,689278
jupyterlab,2026-09-28,1145012
jupyterlab,2026-09-29,1228973
jupyterlab,2026-09-30,1269850
jupyterlab,2026-10-01,1212669
litellm,2026-04-06,5822068
litellm,2026-04-07,8301815
litellm,2026-04-08,9505200
litellm,2026-04-09,7385137
litellm,2026-04-10,7527056
litellm,2026-04-11,6981551
litellm,2026-04-12,7720349
litellm,2026-04-13,7371420
litellm,2026-04-14,8634441
litellm,2026-04-15,10934861
litellm,2026-04-16,9871846
litellm,2026-04-17,11614363
litellm,2026-04-18,11683218
litellm,2026-04-19,11856979
litellm,2026-04-20,12143820
litellm,2026-04-21,14595155
litellm,2026-04-22,13372328
litellm,2026-04-23,12135391
litellm,2026-04-24,14614818
litellm,2026-04-25,12773658
litellm,2026-04-26,12473458
litellm,2026-04-27,12926651
litellm,2026-04-28,13963913
litellm,2026-04-29,14391964
litellm,2026-04-30,15574773
litellm,2026-05-01,18289292
litellm,2026-05-02,14598244
litellm,2026-05-03,9754138
litellm,2026-05-04,13652137
litellm,2026-05-05,15450329
litellm,2026-05-06,18119181
litellm,2026-05-07,18887445
litellm,2026-05-08,16655936
litellm,2026-05-09,15918756
litellm,2026-05-10,14621742
litellm,2026-05-11,14465557
litellm,2026-05-12,16196844
litellm,2026-05-13,17642732
litellm,2026-05-14,14914905
litellm,2026-05-15,14533533
litellm,2026-05-16,14866617
litellm,2026-05-17,18468044
litellm,2026-05-18,18665409
litellm,2026-05-19,17823408
litellm,2026-05-20,18718993
litellm,2026-05-21,19202784
litellm,2026-05-22,16652487
litellm,2026-05-23,14902474
litellm,2026-05-24,15910632
litellm,2026-05-25,16423667
litellm,2026-05-26,16086864
litellm,2026-05-27,18240026
litellm,2026-05-28,21444444
litellm,2026-05-29,19036337
litellm,2026-05-30,16781932
litellm,2026-05-31,15987295
litellm,2026-06-01,17771410
litellm,2026-06-02,22174841
litellm,2026-06-03,21925986
litellm,2026-06-04,23117992
litellm,2026-06-05,21115938
litellm,2026-06-06,24651710
litellm,2026-06-07,24999096
litellm,2026-06-08,26373587
litellm,2026-06-09,29188551
litellm,2026-06-10,20343914
litellm,2026-06-11,17614759
litellm,2026-06-12,18465634
litellm,2026-06-13,16893683
litellm,2026-06-14,16217056
litellm,2026-06-15,18938980
litellm,2026-06-16,17804227
litellm,2026-06-17,19097289
litellm,2026-06-18,17307827
litellm,2026-06-19,19664111
litellm,2026-06-20,23288761
litellm,2026-06-21,23472411
litellm,2026-06-22,30746934
litellm,2026-06-23,26564304
litellm,2026-06-24,23851613
litellm,2026-06-25,18567138
litellm,2026-06-26,18952471
litellm,2026-06-27,17244152
litellm,2026-06-28,16469241
litellm,2026-06-29,17776087
litellm,2026-06-30,21866945
litellm,2026-07-01,21408249
litellm,2026-07-02,18195189
litellm,2026-07-03,20050585
litellm,2026-07-04,19566758
litellm,2026-07-05,17850574
litellm,2026-07-06,21424675
litellm,2026-07-07,21796751
litellm,2026-07-08,24265313
litellm,2026-07-09,21689818
litellm,2026-07-10,26705709
litellm,2026-07-11,19720708
litellm,2026-07-12,21173550
litellm,2026-07-13,23599581
litellm,2026-07-14,29196723
litellm,2026-07-15,29463427
litellm,2026-07-16,21125974
litellm,2026-07-17,25279702
litellm,2026-07-18,20662416
litellm,2026-07-19,20634497
litellm,2026-07-20,20428063
litellm,2026-07-21,24497576
litellm,2026-07-22,24232143
litellm,2026-07-23,18425990
litellm,2026-07-24,18949977
litellm,2026-07-25,15929112
litellm,2026-07-26,19237661
litellm,2026-07-27,22699192
litellm,2026-07-28,23293295
litellm,2026-07-29,23908316
litellm,2026-07-30,25866638
litellm,2026-07-31,23161484
litellm,2026-08-01,20308934
litellm,2026-08-02,19108054
litellm,2026-08-03,24165188
litellm,2026-08-04,29960453
litellm,2026-08-05,33046008
litellm,2026-08-06,25452078
litellm,2026-08-07,32904653
litellm,2026-08-08,26816930
litellm,2026-08-09,25253775
litellm,2026-08-10,34690511
litellm,2026-08-11,34241330
litellm,2026-08-12,28463811
litellm,2026-08-13,31732212
litellm,2026-08-14,24004960
litellm,2026-08-15,17320415
litellm,2026-08-16,19536304
litellm,2026-08-17,24558809
litellm,2026-08-18,28380375
litellm,2026-08-19,26413880
litellm,2026-08-20,27228327
litellm,2026-08-21,27428628
litellm,2026-08-22,20041970
litellm,2026-08-23,23283564
litellm,2026-08-24,21085109
litellm,2026-08-25,2863947
litellm,2026-08-26,3025415
litellm,2026-08-27,3248919
litellm,2026-08-28,2880390
litellm,2026-08-29,1998381
litellm,2026-08-30,2009113
litellm,2026-08-31,2754294
litellm,2026-09-01,3233016
litellm,2026-09-02,2924544
litellm,2026-09-03,3392724
litellm,2026-09-04,2896867
litellm,2026-09-05,2110664
litellm,2026-09-06,1893222
litellm,2026-09-07,2210898
litellm,2026-09-08,2876409
litellm,2026-09-09,3055290
litellm,2026-09-10,3601926
litellm,2026-09-11,3583132
litellm,2026-09-12,2255485
litellm,2026-09-13,1961185
litellm,2026-09-14,3153140
litellm,2026-09-15,3715705
litellm,2026-09-16,3543551
litellm,2026-09-17,3354452
litellm,2026-09-18,3843585
litellm,2026-09-19,2633388
litellm,2026-09-20,2162789
litellm,2026-09-21,2977513
litellm,2026-09-22,3484372
litellm,2026-09-23,3946566
litellm,2026-09-24,4177859
litellm,2026-09-25,3505965
litellm,2026-09-26,2306006
litellm,2026-09-27,2219937
litellm,2026-09-28,3038812
litellm,2026-09-29,3367738
litellm,2026-09-30,3346031
litellm,2026-10-01,3841762
matplotlib,2026-04-06,6095562
matplotlib,2026-04-07,7720186
matplotlib,2026-04-08,7748550
matplotlib,2026-04-09,7175331
matplotlib,2026-04-10,6922902
matplotlib,2026-04-11,4706820
matplotlib,2026-04-12,4742845
matplotlib,2026-04-13,7368281
matplotlib,2026-04-14,8059120
matplotlib,2026-04-15,7805371
matplotlib,2026-04-16,7562025
matplotlib,2026-04-17,7498233
matplotlib,2026-04-18,5192268
matplotlib,2026-04-19,4895803
matplotlib,2026-04-20,7613531
matplotlib,2026-04-21,7817530
matplotlib,2026-04-22,8102911
matplotlib,2026-04-23,8038459
matplotlib,2026-04-24,8965020
matplotlib,2026-04-25,6708264
matplotlib,2026-04-26,6832531
matplotlib,2026-04-27,8436417
matplotlib,2026-04-28,8764744
matplotlib,2026-04-29,8748633
matplotlib,2026-04-30,9175873
matplotlib,2026-05-01,8123677
matplotlib,2026-05-02,5333206
matplotlib,2026-05-03,4477629
matplotlib,2026-05-04,7526005
matplotlib,2026-05-05,8606219
matplotlib,2026-05-06,8403168
matplotlib,2026-05-07,8018518
matplotlib,2026-05-08,7124885
matplotlib,2026-05-09,4724041
matplotlib,2026-05-10,4314867
matplotlib,2026-05-11,7136435
matplotlib,2026-05-12,7578301
matplotlib,2026-05-13,7283321
matplotlib,2026-05-14,7039962
matplotlib,2026-05-15,7231967
matplotlib,2026-05-16,4439862
matplotlib,2026-05-17,4594129
matplotlib,2026-05-18,7012027
matplotlib,2026-05-19,7598557
matplotlib,2026-05-20,8441671
matplotlib,2026-05-21,8879967
matplotlib,2026-05-22,7504316
matplotlib,2026-05-23,5601676
matplotlib,2026-05-24,5334200
matplotlib,2026-05-25,6513586
matplotlib,2026-05-26,7487021
matplotlib,2026-05-27,7451667
matplotlib,2026-05-28,7589202
matplotlib,2026-05-29,7379115
matplotlib,2026-05-30,5306864
matplotlib,2026-05-31,4399214
matplotlib,2026-06-01,7330028
matplotlib,2026-06-02,8397352
matplotlib,2026-06-03,8797320
matplotlib,2026-06-04,9122905
matplotlib,2026-06-05,8004954
matplotlib,2026-06-06,6039331
matplotlib,2026-06-07,6063868
matplotlib,2026-06-08,8969693
matplotlib,2026-06-09,8713286
matplotlib,2026-06-10,9439675
matplotlib,2026-06-11,9343588
matplotlib,2026-06-12,9574539
matplotlib,2026-06-13,6264841
matplotlib,2026-06-14,6997947
matplotlib,2026-06-15,9356312
matplotlib,2026-06-16,9482083
matplotlib,2026-06-17,9588370
matplotlib,2026-06-18,8849106
matplotlib,2026-06-19,8167123
matplotlib,2026-06-20,6452908
matplotlib,2026-06-21,6128790
matplotlib,2026-06-22,8865794
matplotlib,2026-06-23,9730596
matplotlib,2026-06-24,9788500
matplotlib,2026-06-25,9067553
matplotlib,2026-06-26,8429449
matplotlib,2026-06-27,5913803
matplotlib,2026-06-28,6330279
matplotlib,2026-06-29,9435148
matplotlib,2026-06-30,8584318
matplotlib,2026-07-01,8907812
matplotlib,2026-07-02,8184325
matplotlib,2026-07-03,6956814
matplotlib,2026-07-04,5422976
matplotlib,2026-07-05,4966542
matplotlib,2026-07-06,8204382
matplotlib,2026-07-07,8359749
matplotlib,2026-07-08,7840754
matplotlib,2026-07-09,7915609
matplotlib,2026-07-10,7736015
matplotlib,2026-07-11,4918690
matplotlib,2026-07-12,4827563
matplotlib,2026-07-13,7706805
matplotlib,2026-07-14,8333970
matplotlib,2026-07-15,7930198
matplotlib,2026-07-16,7949862
matplotlib,2026-07-17,7395087
matplotlib,2026-07-18,5156055
matplotlib,2026-07-19,4891220
matplotlib,2026-07-20,7638853
matplotlib,2026-07-21,8249122
matplotlib,2026-07-22,8079665
matplotlib,2026-07-23,8280746
matplotlib,2026-07-24,7581058
matplotlib,2026-07-25,5342833
matplotlib,2026-07-26,6060767
matplotlib,2026-07-27,8336559
matplotlib,2026-07-28,8556976
matplotlib,2026-07-29,9014415
matplotlib,2026-07-30,8693582
matplotlib,2026-07-31,8431667
matplotlib,2026-08-01,7787875
matplotlib,2026-08-02,7012706
matplotlib,2026-08-03,9062350
matplotlib,2026-08-04,10446611
matplotlib,2026-08-05,10980149
matplotlib,2026-08-06,12759392
matplotlib,2026-08-07,11162628
matplotlib,2026-08-08,6703071
matplotlib,2026-08-09,5982710
matplotlib,2026-08-10,8303899
matplotlib,2026-08-11,8333868
matplotlib,2026-08-12,9116379
matplotlib,2026-08-13,8441318
matplotlib,2026-08-14,7764453
matplotlib,2026-08-15,5326867
matplotlib,2026-08-16,5243186
matplotlib,2026-08-17,7648154
matplotlib,2026-08-18,8772672
matplotlib,2026-08-19,8679050
matplotlib,2026-08-20,8015913
matplotlib,2026-08-21,7693681
matplotlib,2026-08-22,5181339
matplotlib,2026-08-23,5837157
matplotlib,2026-08-24,7281557
matplotlib,2026-08-25,5667861
matplotlib,2026-08-26,5217832
matplotlib,2026-08-27,5467282
matplotlib,2026-08-28,5019903
matplotlib,2026-08-29,3309339
matplotlib,2026-08-30,3186642
matplotlib,2026-08-31,5306741
matplotlib,2026-09-01,6143705
matplotlib,2026-09-02,5919000
matplotlib,2026-09-03,6148048
matplotlib,2026-09-04,5446885
matplotlib,2026-09-05,3803030
matplotlib,2026-09-06,3816823
matplotlib,2026-09-07,4764055
matplotlib,2026-09-08,6105313
matplotlib,2026-09-09,6065417
matplotlib,2026-09-10,6313127
matplotlib,2026-09-11,5977455
matplotlib,2026-09-12,3665088
matplotlib,2026-09-13,3389585
matplotlib,2026-09-14,5692672
matplotlib,2026-09-15,6260946
matplotlib,2026-09-16,6145365
matplotlib,2026-09-17,6164506
matplotlib,2026-09-18,5909262
matplotlib,2026-09-19,3965390
matplotlib,2026-09-20,3433869
matplotlib,2026-09-21,5409456
matplotlib,2026-09-22,5680630
matplotlib,2026-09-23,6056804
matplotlib,2026-09-24,5988793
matplotlib,2026-09-25,5484137
matplotlib,2026-09-26,3763881
matplotlib,2026-09-27,3617048
matplotlib,2026-09-28,5907088
matplotlib,2026-09-29,6553292
matplotlib,2026-09-30,6391468
matplotlib,2026-10-01,6431279
networkx,2026-04-06,7326386
networkx,2026-04-07,8546935
networkx,2026-04-08,8852755
networkx,2026-04-09,8820397
networkx,2026-04-10,8535857
networkx,2026-04-11,5377676
networkx,2026-04-12,5511954
networkx,2026-04-13,8534445
networkx,2026-04-14,8855624
networkx,2026-04-15,9105952
networkx,2026-04-16,9056366
networkx,2026-04-17,8921141
networkx,2026-04-18,5880143
networkx,2026-04-19,5479954
networkx,2026-04-20,9213623
networkx,2026-04-21,9163753
networkx,2026-04-22,9661041
networkx,2026-04-23,9404223
networkx,2026-04-24,9023870
networkx,2026-04-25,6082029
networkx,2026-04-26,6182798
networkx,2026-04-27,9142289
networkx,2026-04-28,9402259
networkx,2026-04-29,9672943
networkx,2026-04-30,9532961
networkx,2026-05-01,8095938
networkx,2026-05-02,5761357
networkx,2026-05-03,5597740
networkx,2026-05-04,8080641
networkx,2026-05-05,9879818
networkx,2026-05-06,9864279
networkx,2026-05-07,9569020
networkx,2026-05-08,9157622
networkx,2026-05-09,5844037
networkx,2026-05-10,5607859
networkx,2026-05-11,8894480
networkx,2026-05-12,9135062
networkx,2026-05-13,9491514
networkx,2026-05-14,9250711
networkx,2026-05-15,8977282
networkx,2026-05-16,5806190
networkx,2026-05-17,5728676
networkx,2026-05-18,8755124
networkx,2026-05-19,9666460
networkx,2026-05-20,9823289
networkx,2026-05-21,10221894
networkx,2026-05-22,9163162
networkx,2026-05-23,5802690
networkx,2026-05-24,5929719
networkx,2026-05-25,7301584
networkx,2026-05-26,8950497
networkx,2026-05-27,9248538
networkx,2026-05-28,9267211
networkx,2026-05-29,8904025
networkx,2026-05-30,5826777
networkx,2026-05-31,5500701
networkx,2026-06-01,9239025
networkx,2026-06-02,9918959
networkx,2026-06-03,9495117
networkx,2026-06-04,9909833
networkx,2026-06-05,9453362
networkx,2026-06-06,6864475
networkx,2026-06-07,6692397
networkx,2026-06-08,9889035
networkx,2026-06-09,10045640
networkx,2026-06-10,10400008
networkx,2026-06-11,11317999
networkx,2026-06-12,10258937
networkx,2026-06-13,7155669
networkx,2026-06-14,6731406
networkx,2026-06-15,10065350
networkx,2026-06-16,10674862
networkx,2026-06-17,10792061
networkx,2026-06-18,10233077
networkx,2026-06-19,9179425
networkx,2026-06-20,7379009
networkx,2026-06-21,7393185
networkx,2026-06-22,10332996
networkx,2026-06-23,10443047
networkx,2026-06-24,10511640
networkx,2026-06-25,10221746
networkx,2026-06-26,9718212
networkx,2026-06-27,6986140
networkx,2026-06-28,7480645
networkx,2026-06-29,11316683
networkx,2026-06-30,10558687
networkx,2026-07-01,10615256
networkx,2026-07-02,10436792
networkx,2026-07-03,8910812
networkx,2026-07-04,6921836
networkx,2026-07-05,6818202
networkx,2026-07-06,10310824
networkx,2026-07-07,10569378
networkx,2026-07-08,10190267
networkx,2026-07-09,9725618
networkx,2026-07-10,9211095
networkx,2026-07-11,6123960
networkx,2026-07-12,6153737
networkx,2026-07-13,9902463
networkx,2026-07-14,10382410
networkx,2026-07-15,9999552
networkx,2026-07-16,10207334
networkx,2026-07-17,9715773
networkx,2026-07-18,6876964
networkx,2026-07-19,6473623
networkx,2026-07-20,9761097
networkx,2026-07-21,10337264
networkx,2026-07-22,10433044
networkx,2026-07-23,10823625
networkx,2026-07-24,9714983
networkx,2026-07-25,6524378
networkx,2026-07-26,6679206
networkx,2026-07-27,10405304
networkx,2026-07-28,10211620
networkx,2026-07-29,10966637
networkx,2026-07-30,11147468
networkx,2026-07-31,10629056
networkx,2026-08-01,7748938
networkx,2026-08-02,7452783
networkx,2026-08-03,10391037
networkx,2026-08-04,10844935
networkx,2026-08-05,10917877
networkx,2026-08-06,9938483
networkx,2026-08-07,10201690
networkx,2026-08-08,6543218
networkx,2026-08-09,6302529
networkx,2026-08-10,9696389
networkx,2026-08-11,10078561
networkx,2026-08-12,10469289
networkx,2026-08-13,10438190
networkx,2026-08-14,10049996
networkx,2026-08-15,6908263
networkx,2026-08-16,6530260
networkx,2026-08-17,9608631
networkx,2026-08-18,10169886
networkx,2026-08-19,9912640
networkx,2026-08-20,9874489
networkx,2026-08-21,9560470
networkx,2026-08-22,6551601
networkx,2026-08-23,6676147
networkx,2026-08-24,8933503
networkx,2026-08-25,6699355
networkx,2026-08-26,6669715
networkx,2026-08-27,6653341
networkx,2026-08-28,6161639
networkx,2026-08-29,4068444
networkx,2026-08-30,4005076
networkx,2026-08-31,6384853
networkx,2026-09-01,7032475
networkx,2026-09-02,7127489
networkx,2026-09-03,7093695
networkx,2026-09-04,6673324
networkx,2026-09-05,4706513
networkx,2026-09-06,4793982
networkx,2026-09-07,6071956
networkx,2026-09-08,7740744
networkx,2026-09-09,7587657
networkx,2026-09-10,7455583
networkx,2026-09-11,7042697
networkx,2026-09-12,4434651
networkx,2026-09-13,4422877
networkx,2026-09-14,6913344
networkx,2026-09-15,7491712
networkx,2026-09-16,7527572
networkx,2026-09-17,7418040
networkx,2026-09-18,7188329
networkx,2026-09-19,4888588
networkx,2026-09-20,4341359
networkx,2026-09-21,6854122
networkx,2026-09-22,7407998
networkx,2026-09-23,7644939
networkx,2026-09-24,7640513
networkx,2026-09-25,6957128
networkx,2026-09-26,4580162
networkx,2026-09-27,4687395
networkx,2026-09-28,7467757
networkx,2026-09-29,8192819
networkx,2026-09-30,8109370
networkx,2026-10-01,8091325
numpy,2026-04-06,27437424
numpy,2026-04-07,32084044
numpy,2026-04-08,32642647
numpy,2026-04-09,32120243
numpy,2026-04-10,31447193
numpy,2026-04-11,21866072
numpy,2026-04-12,21885001
numpy,2026-04-13,31526520
numpy,2026-04-14,33593053
numpy,2026-04-15,34201643
numpy,2026-04-16,32693492
numpy,2026-04-17,31770484
numpy,2026-04-18,22937610
numpy,2026-04-19,22248420
numpy,2026-04-20,33109217
numpy,2026-04-21,33569189
numpy,2026-04-22,34567830
numpy,2026-04-23,35132223
numpy,2026-04-24,34483672
numpy,2026-04-25,25318880
numpy,2026-04-26,25453057
numpy,2026-04-27,33925898
numpy,2026-04-28,34851477
numpy,2026-04-29,34938488
numpy,2026-04-30,34443603
numpy,2026-05-01,32073588
numpy,2026-05-02,24901423
numpy,2026-05-03,22620341
numpy,2026-05-04,31298346
numpy,2026-05-05,35263639
numpy,2026-05-06,36158416
numpy,2026-05-07,35975011
numpy,2026-05-08,32621122
numpy,2026-05-09,23503898
numpy,2026-05-10,22535967
numpy,2026-05-11,33268570
numpy,2026-05-12,34903018
numpy,2026-05-13,34926825
numpy,2026-05-14,34150980
numpy,2026-05-15,33304454
numpy,2026-05-16,24566365
numpy,2026-05-17,23938058
numpy,2026-05-18,34877691
numpy,2026-05-19,38627602
numpy,2026-05-20,38580504
numpy,2026-05-21,39112929
numpy,2026-05-22,35631216
numpy,2026-05-23,25586522
numpy,2026-05-24,25809719
numpy,2026-05-25,30856374
numpy,2026-05-26,34254429
numpy,2026-05-27,35936916
numpy,2026-05-28,36120133
numpy,2026-05-29,35578822
numpy,2026-05-30,26027738
numpy,2026-05-31,24049299
numpy,2026-06-01,35100744
numpy,2026-06-02,38055133
numpy,2026-06-03,38452238
numpy,2026-06-04,39600412
numpy,2026-06-05,38496430
numpy,2026-06-06,28214629
numpy,2026-06-07,26778522
numpy,2026-06-08,38409747
numpy,2026-06-09,39164221
numpy,2026-06-10,42187973
numpy,2026-06-11,41293067
numpy,2026-06-12,38569456
numpy,2026-06-13,27719832
numpy,2026-06-14,28644900
numpy,2026-06-15,40510640
numpy,2026-06-16,40705328
numpy,2026-06-17,39840433
numpy,2026-06-18,37785161
numpy,2026-06-19,34729957
numpy,2026-06-20,28425911
numpy,2026-06-21,27752346
numpy,2026-06-22,40530399
numpy,2026-06-23,41770706
numpy,2026-06-24,41212337
numpy,2026-06-25,39552119
numpy,2026-06-26,36827339
numpy,2026-06-27,27263658
numpy,2026-06-28,27254020
numpy,2026-06-29,38932852
numpy,2026-06-30,40340854
numpy,2026-07-01,41508243
numpy,2026-07-02,39854635
numpy,2026-07-03,35149835
numpy,2026-07-04,28578153
numpy,2026-07-05,27977899
numpy,2026-07-06,39041504
numpy,2026-07-07,41255536
numpy,2026-07-08,39891797
numpy,2026-07-09,39303757
numpy,2026-07-10,37389408
numpy,2026-07-11,26938215
numpy,2026-07-12,26339236
numpy,2026-07-13,38755038
numpy,2026-07-14,39701606
numpy,2026-07-15,39899594
numpy,2026-07-16,41026383
numpy,2026-07-17,39603372
numpy,2026-07-18,27465786
numpy,2026-07-19,26525162
numpy,2026-07-20,37833207
numpy,2026-07-21,39585648
numpy,2026-07-22,39637415
numpy,2026-07-23,39902276
numpy,2026-07-24,38316122
numpy,2026-07-25,27292775
numpy,2026-07-26,28005179
numpy,2026-07-27,39761883
numpy,2026-07-28,42908681
numpy,2026-07-29,43921700
numpy,2026-07-30,43321659
numpy,2026-07-31,41019782
numpy,2026-08-01,32854418
numpy,2026-08-02,31920127
numpy,2026-08-03,43446987
numpy,2026-08-04,46740163
numpy,2026-08-05,47157590
numpy,2026-08-06,46945911
numpy,2026-08-07,46813069
numpy,2026-08-08,32978190
numpy,2026-08-09,31669323
numpy,2026-08-10,42701393
numpy,2026-08-11,43895715
numpy,2026-08-12,44666601
numpy,2026-08-13,43882460
numpy,2026-08-14,41510960
numpy,2026-08-15,30938494
numpy,2026-08-16,30389708
numpy,2026-08-17,41446989
numpy,2026-08-18,43074045
numpy,2026-08-19,42301604
numpy,2026-08-20,42363979
numpy,2026-08-21,41091566
numpy,2026-08-22,29584911
numpy,2026-08-23,30963706
numpy,2026-08-24,37248315
numpy,2026-08-25,26875737
numpy,2026-08-26,26766559
numpy,2026-08-27,26134515
numpy,2026-08-28,24577477
numpy,2026-08-29,17761054
numpy,2026-08-30,17528128
numpy,2026-08-31,25465426
numpy,2026-09-01,28045111
numpy,2026-09-02,28050603
numpy,2026-09-03,28659608
numpy,2026-09-04,26108989
numpy,2026-09-05,20086328
numpy,2026-09-06,19187037
numpy,2026-09-07,25006890
numpy,2026-09-08,29736897
numpy,2026-09-09,28674196
numpy,2026-09-10,28972804
numpy,2026-09-11,27849723
numpy,2026-09-12,19201931
numpy,2026-09-13,18277402
numpy,2026-09-14,26937094
numpy,2026-09-15,28953974
numpy,2026-09-16,28682729
numpy,2026-09-17,28775538
numpy,2026-09-18,27889384
numpy,2026-09-19,20321811
numpy,2026-09-20,19485652
numpy,2026-09-21,27270254
numpy,2026-09-22,29265147
numpy,2026-09-23,30468206
numpy,2026-09-24,31130744
numpy,2026-09-25,28422460
numpy,2026-09-26,20810587
numpy,2026-09-27,21056506
numpy,2026-09-28,30444455
numpy,2026-09-29,32655335
numpy,2026-09-30,32831200
numpy,2026-10-01,32709973
ollama,2026-04-06,362390
ollama,2026-04-07,435350
ollama,2026-04-08,433257
ollama,2026-04-09,447563
ollama,2026-04-10,415162
ollama,2026-04-11,317560
ollama,2026-04-12,328258
ollama,2026-04-13,491546
ollama,2026-04-14,469992
ollama,2026-04-15,418554
ollama,2026-04-16,406475
ollama,2026-04-17,409349
ollama,2026-04-18,313247
ollama,2026-04-19,292244
ollama,2026-04-20,420860
ollama,2026-04-21,424502
ollama,2026-04-22,426024
ollama,2026-04-23,419374
ollama,2026-04-24,420414
ollama,2026-04-25,299512
ollama,2026-04-26,299775
ollama,2026-04-27,391308
ollama,2026-04-28,400294
ollama,2026-04-29,404339
ollama,2026-04-30,446609
ollama,2026-05-01,391544
ollama,2026-05-02,287500
ollama,2026-05-03,275021
ollama,2026-05-04,381655
ollama,2026-05-05,415528
ollama,2026-05-06,487753
ollama,2026-05-07,532835
ollama,2026-05-08,447355
ollama,2026-05-09,353837
ollama,2026-05-10,334624
ollama,2026-05-11,507090
ollama,2026-05-12,466477
ollama,2026-05-13,470370
ollama,2026-05-14,557636
ollama,2026-05-15,451953
ollama,2026-05-16,339979
ollama,2026-05-17,354216
ollama,2026-05-18,460973
ollama,2026-05-19,517288
ollama,2026-05-20,529573
ollama,2026-05-21,584212
ollama,2026-05-22,641202
ollama,2026-05-23,555028
ollama,2026-05-24,495857
ollama,2026-05-25,541435
ollama,2026-05-26,520839
ollama,2026-05-27,541758
ollama,2026-05-28,629047
ollama,2026-05-29,636784
ollama,2026-05-30,448689
ollama,2026-05-31,493368
ollama,2026-06-01,608496
ollama,2026-06-02,675595
ollama,2026-06-03,701896
ollama,2026-06-04,655738
ollama,2026-06-05,580072
ollama,2026-06-06,461320
ollama,2026-06-07,473755
ollama,2026-06-08,602959
ollama,2026-06-09,687497
ollama,2026-06-10,893266
ollama,2026-06-11,960862
ollama,2026-06-12,686451
ollama,2026-06-13,515660
ollama,2026-06-14,443212
ollama,2026-06-15,660137
ollama,2026-06-16,953082
ollama,2026-06-17,1267323
ollama,2026-06-18,1056287
ollama,2026-06-19,830161
ollama,2026-06-20,549121
ollama,2026-06-21,421119
ollama,2026-06-22,631331
ollama,2026-06-23,832971
ollama,2026-06-24,1335956
ollama,2026-06-25,1142279
ollama,2026-06-26,1139363
ollama,2026-06-27,947525
ollama,2026-06-28,1004830
ollama,2026-06-29,822284
ollama,2026-06-30,699573
ollama,2026-07-01,932142
ollama,2026-07-02,686235
ollama,2026-07-03,618126
ollama,2026-07-04,521041
ollama,2026-07-05,496420
ollama,2026-07-06,624413
ollama,2026-07-07,689917
ollama,2026-07-08,713440
ollama,2026-07-09,689805
ollama,2026-07-10,796508
ollama,2026-07-11,518335
ollama,2026-07-12,490453
ollama,2026-07-13,646515
ollama,2026-07-14,795897
ollama,2026-07-15,805885
ollama,2026-07-16,655978
ollama,2026-07-17,695829
ollama,2026-07-18,473625
ollama,2026-07-19,468412
ollama,2026-07-20,577104
ollama,2026-07-21,645694
ollama,2026-07-22,719188
ollama,2026-07-23,613572
ollama,2026-07-24,659078
ollama,2026-07-25,457067
ollama,2026-07-26,510459
ollama,2026-07-27,704209
ollama,2026-07-28,678994
ollama,2026-07-29,627241
ollama,2026-07-30,720411
ollama,2026-07-31,634457
ollama,2026-08-01,476766
ollama,2026-08-02,415039
ollama,2026-08-03,722207
ollama,2026-08-04,826090
ollama,2026-08-05,939444
ollama,2026-08-06,704083
ollama,2026-08-07,835531
ollama,2026-08-08,613321
ollama,2026-08-09,610057
ollama,2026-08-10,881232
ollama,2026-08-11,918328
ollama,2026-08-12,936321
ollama,2026-08-13,861982
ollama,2026-08-14,770181
ollama,2026-08-15,533720
ollama,2026-08-16,603056
ollama,2026-08-17,843295
ollama,2026-08-18,857983
ollama,2026-08-19,775277
ollama,2026-08-20,834724
ollama,2026-08-21,848658
ollama,2026-08-22,556933
ollama,2026-08-23,607857
ollama,2026-08-24,725598
ollama,2026-08-25,494539
ollama,2026-08-26,528960
ollama,2026-08-27,445785
ollama,2026-08-28,517814
ollama,2026-08-29,270161
ollama,2026-08-30,255033
ollama,2026-08-31,393310
ollama,2026-09-01,407000
ollama,2026-09-02,442465
ollama,2026-09-03,468283
ollama,2026-09-04,443039
ollama,2026-09-05,332515
ollama,2026-09-06,285820
ollama,2026-09-07,348046
ollama,2026-09-08,453295
ollama,2026-09-09,474094
ollama,2026-09-10,466759
ollama,2026-09-11,416485
ollama,2026-09-12,337601
ollama,2026-09-13,302267
ollama,2026-09-14,432701
ollama,2026-09-15,460205
ollama,2026-09-16,429468
ollama,2026-09-17,435299
ollama,2026-09-18,460109
ollama,2026-09-19,357640
ollama,2026-09-20,286649
ollama,2026-09-21,458004
ollama,2026-09-22,443571
ollama,2026-09-23,453151
ollama,2026-09-24,493326
ollama,2026-09-25,449562
ollama,2026-09-26,401613
ollama,2026-09-27,398407
ollama,2026-09-28,502492
ollama,2026-09-29,567292
ollama,2026-09-30,612013
ollama,2026-10-01,634650
openai,2026-04-06,8083771
openai,2026-04-07,9276310
openai,2026-04-08,9736477
openai,2026-04-09,9541233
openai,2026-04-10,9371280
openai,2026-04-11,6487547
openai,2026-04-12,6202218
openai,2026-04-13,9309329
openai,2026-04-14,9468549
openai,2026-04-15,9746281
openai,2026-04-16,10366152
openai,2026-04-17,9764377
openai,2026-04-18,6480794
openai,2026-04-19,6094483
openai,2026-04-20,9900506
openai,2026-04-21,10185569
openai,2026-04-22,10271639
openai,2026-04-23,10166199
openai,2026-04-24,10754224
openai,2026-04-25,7997499
openai,2026-04-26,7796616
openai,2026-04-27,10474920
openai,2026-04-28,10897138
openai,2026-04-29,10936355
openai,2026-04-30,11624309
openai,2026-05-01,11313300
openai,2026-05-02,8461395
openai,2026-05-03,6553293
openai,2026-05-04,10319550
openai,2026-05-05,11966597
openai,2026-05-06,12607732
openai,2026-05-07,12455257
openai,2026-05-08,10524735
openai,2026-05-09,7711056
openai,2026-05-10,6872200
openai,2026-05-11,10988253
openai,2026-05-12,11502114
openai,2026-05-13,11689876
openai,2026-05-14,11338504
openai,2026-05-15,10673857
openai,2026-05-16,7524295
openai,2026-05-17,7408476
openai,2026-05-18,11552271
openai,2026-05-19,12287182
openai,2026-05-20,12276552
openai,2026-05-21,12884373
openai,2026-05-22,11506932
openai,2026-05-23,8687750
openai,2026-05-24,8667117
openai,2026-05-25,10581935
openai,2026-05-26,11179872
openai,2026-05-27,11716663
openai,2026-05-28,11292435
openai,2026-05-29,11179873
openai,2026-05-30,8045135
openai,2026-05-31,6957233
openai,2026-06-01,11619748
openai,2026-06-02,13220057
openai,2026-06-03,13435939
openai,2026-06-04,13744011
openai,2026-06-05,12166834
openai,2026-06-06,8627257
openai,2026-06-07,8726010
openai,2026-06-08,13200075
openai,2026-06-09,13269351
openai,2026-06-10,14636374
openai,2026-06-11,14742718
openai,2026-06-12,13555502
openai,2026-06-13,8988262
openai,2026-06-14,9336936
openai,2026-06-15,13289207
openai,2026-06-16,13520630
openai,2026-06-17,13877156
openai,2026-06-18,13538552
openai,2026-06-19,11962682
openai,2026-06-20,9537788
openai,2026-06-21,9100727
openai,2026-06-22,13609198
openai,2026-06-23,14112611
openai,2026-06-24,14554787
openai,2026-06-25,13753010
openai,2026-06-26,12531328
openai,2026-06-27,8814237
openai,2026-06-28,9129604
openai,2026-06-29,13751663
openai,2026-06-30,13931542
openai,2026-07-01,14767549
openai,2026-07-02,13910951
openai,2026-07-03,11832451
openai,2026-07-04,9514968
openai,2026-07-05,8958811
openai,2026-07-06,12791147
openai,2026-07-07,13897970
openai,2026-07-08,13111616
openai,2026-07-09,13084494
openai,2026-07-10,13410329
openai,2026-07-11,9229953
openai,2026-07-12,9409484
openai,2026-07-13,13368832
openai,2026-07-14,13446876
openai,2026-07-15,13814129
openai,2026-07-16,14135105
openai,2026-07-17,14443523
openai,2026-07-18,8866385
openai,2026-07-19,8331822
openai,2026-07-20,12940389
openai,2026-07-21,13438477
openai,2026-07-22,14080157
openai,2026-07-23,14588631
openai,2026-07-24,13476310
openai,2026-07-25,9329749
openai,2026-07-26,9708428
openai,2026-07-27,15050981
openai,2026-07-28,16806924
openai,2026-07-29,16925087
openai,2026-07-30,16366271
openai,2026-07-31,15542166
openai,2026-08-01,12384673
openai,2026-08-02,12216508
openai,2026-08-03,17547277
openai,2026-08-04,18124219
openai,2026-08-05,17558186
openai,2026-08-06,17773122
openai,2026-08-07,18074738
openai,2026-08-08,12478398
openai,2026-08-09,11669100
openai,2026-08-10,15067885
openai,2026-08-11,15931091
openai,2026-08-12,17827956
openai,2026-08-13,17144139
openai,2026-08-14,16211024
openai,2026-08-15,12431433
openai,2026-08-16,12323834
openai,2026-08-17,16723227
openai,2026-08-18,17376948
openai,2026-08-19,16962170
openai,2026-08-20,16660084
openai,2026-08-21,15928922
openai,2026-08-22,11747064
openai,2026-08-23,11968005
openai,2026-08-24,14237070
openai,2026-08-25,9914925
openai,2026-08-26,9965266
openai,2026-08-27,9995824
openai,2026-08-28,9127738
openai,2026-08-29,6368769
openai,2026-08-30,6141634
openai,2026-08-31,9371816
openai,2026-09-01,10173252
openai,2026-09-02,10194073
openai,2026-09-03,10407132
openai,2026-09-04,9213718
openai,2026-09-05,6786043
openai,2026-09-06,7111914
openai,2026-09-07,9082005
openai,2026-09-08,10929652
openai,2026-09-09,11131089
openai,2026-09-10,11278100
openai,2026-09-11,10154550
openai,2026-09-12,6657480
openai,2026-09-13,6253543
openai,2026-09-14,10202407
openai,2026-09-15,11078446
openai,2026-09-16,10722493
openai,2026-09-17,10878057
openai,2026-09-18,11054416
openai,2026-09-19,7545692
openai,2026-09-20,6731584
openai,2026-09-21,10168621
openai,2026-09-22,11103558
openai,2026-09-23,11637465
openai,2026-09-24,11751981
openai,2026-09-25,10964816
openai,2026-09-26,7243395
openai,2026-09-27,7253874
openai,2026-09-28,10764873
openai,2026-09-29,12486847
openai,2026-09-30,11671139
openai,2026-10-01,11885159
opencv-python,2026-04-06,1511223
opencv-python,2026-04-07,1634427
opencv-python,2026-04-08,1691704
opencv-python,2026-04-09,1699706
opencv-python,2026-04-10,1780430
opencv-python,2026-04-11,1149381
opencv-python,2026-04-12,1209704
opencv-python,2026-04-13,1733278
opencv-python,2026-04-14,1703604
opencv-python,2026-04-15,1761916
opencv-python,2026-04-16,1769066
opencv-python,2026-04-17,1599624
opencv-python,2026-04-18,1214448
opencv-python,2026-04-19,1158427
opencv-python,2026-04-20,1872655
opencv-python,2026-04-21,1768242
opencv-python,2026-04-22,1761830
opencv-python,2026-04-23,1837406
opencv-python,2026-04-24,1730168
opencv-python,2026-04-25,1145775
opencv-python,2026-04-26,1221644
opencv-python,2026-04-27,1759084
opencv-python,2026-04-28,1861854
opencv-python,2026-04-29,1867005
opencv-python,2026-04-30,1749010
opencv-python,2026-05-01,1405578
opencv-python,2026-05-02,1080748
opencv-python,2026-05-03,1098462
opencv-python,2026-05-04,1539966
opencv-python,2026-05-05,2072241
opencv-python,2026-05-06,2045597
opencv-python,2026-05-07,1993878
opencv-python,2026-05-08,1832837
opencv-python,2026-05-09,1262651
opencv-python,2026-05-10,1016163
opencv-python,2026-05-11,1706334
opencv-python,2026-05-12,1728338
opencv-python,2026-05-13,1765165
opencv-python,2026-05-14,1675759
opencv-python,2026-05-15,1625702
opencv-python,2026-05-16,1179473
opencv-python,2026-05-17,1041745
opencv-python,2026-05-18,1693454
opencv-python,2026-05-19,1896946
opencv-python,2026-05-20,1873806
opencv-python,2026-05-21,2003184
opencv-python,2026-05-22,1809148
opencv-python,2026-05-23,1121629
opencv-python,2026-05-24,1055927
opencv-python,2026-05-25,1431112
opencv-python,2026-05-26,1682193
opencv-python,2026-05-27,1758026
opencv-python,2026-05-28,1760724
opencv-python,2026-05-29,1791444
opencv-python,2026-05-30,1183526
opencv-python,2026-05-31,1086805
opencv-python,2026-06-01,1844998
opencv-python,2026-06-02,2119146
opencv-python,2026-06-03,1868188
opencv-python,2026-06-04,2033916
opencv-python,2026-06-05,1865148
opencv-python,2026-06-06,1571465
opencv-python,2026-06-07,1291979
opencv-python,2026-06-08,1804242
opencv-python,2026-06-09,1865901
opencv-python,2026-06-10,1881924
opencv-python,2026-06-11,1781705
opencv-python,2026-06-12,1726460
opencv-python,2026-06-13,1209825
opencv-python,2026-06-14,1051514
opencv-python,2026-06-15,1794302
opencv-python,2026-06-16,1773661
opencv-python,2026-06-17,1774710
opencv-python,2026-06-18,1683595
opencv-python,2026-06-19,1537573
opencv-python,2026-06-20,1287360
opencv-python,2026-06-21,1448195
opencv-python,2026-06-22,1779594
opencv-python,2026-06-23,1852573
opencv-python,2026-06-24,2035012
opencv-python,2026-06-25,1967499
opencv-python,2026-06-26,1847979
opencv-python,2026-06-27,1357688
opencv-python,2026-06-28,1352644
opencv-python,2026-06-29,1900358
opencv-python,2026-06-30,1999349
opencv-python,2026-07-01,2130600
opencv-python,2026-07-02,2279385
opencv-python,2026-07-03,2048991
opencv-python,2026-07-04,1584925
opencv-python,2026-07-05,1579530
opencv-python,2026-07-06,2218229
opencv-python,2026-07-07,2322101
opencv-python,2026-07-08,2290346
opencv-python,2026-07-09,2280311
opencv-python,2026-07-10,2087868
opencv-python,2026-07-11,1381240
opencv-python,2026-07-12,1412381
opencv-python,2026-07-13,2122191
opencv-python,2026-07-14,2221234
opencv-python,2026-07-15,2068243
opencv-python,2026-07-16,2034378
opencv-python,2026-07-17,1966878
opencv-python,2026-07-18,1601830
opencv-python,2026-07-19,1465252
opencv-python,2026-07-20,2047636
opencv-python,2026-07-21,2076214
opencv-python,2026-07-22,2051267
opencv-python,2026-07-23,2102214
opencv-python,2026-07-24,2015061
opencv-python,2026-07-25,1402088
opencv-python,2026-07-26,1368816
opencv-python,2026-07-27,2089191
opencv-python,2026-07-28,1963382
opencv-python,2026-07-29,2148724
opencv-python,2026-07-30,2151603
opencv-python,2026-07-31,2109561
opencv-python,2026-08-01,1645247
opencv-python,2026-08-02,1453308
opencv-python,2026-08-03,2057501
opencv-python,2026-08-04,2002965
opencv-python,2026-08-05,2135214
opencv-python,2026-08-06,1902325
opencv-python,2026-08-07,1925559
opencv-python,2026-08-08,1311440
opencv-python,2026-08-09,1293885
opencv-python,2026-08-10,1881833
opencv-python,2026-08-11,1952451
opencv-python,2026-08-12,1992031
opencv-python,2026-08-13,2009358
opencv-python,2026-08-14,1883246
opencv-python,2026-08-15,1368253
opencv-python,2026-08-16,1335353
opencv-python,2026-08-17,1895173
opencv-python,2026-08-18,1919615
opencv-python,2026-08-19,1900582
opencv-python,2026-08-20,1924412
opencv-python,2026-08-21,1863341
opencv-python,2026-08-22,1396172
opencv-python,2026-08-23,1386828
opencv-python,2026-08-24,1783087
opencv-python,2026-08-25,1099156
opencv-python,2026-08-26,1126961
opencv-python,2026-08-27,1099684
opencv-python,2026-08-28,1073947
opencv-python,2026-08-29,706853
opencv-python,2026-08-30,665498
opencv-python,2026-08-31,1000452
opencv-python,2026-09-01,1168697
opencv-python,2026-09-02,1223514
opencv-python,2026-09-03,1232047
opencv-python,2026-09-04,1062664
opencv-python,2026-09-05,731529
opencv-python,2026-09-06,674802
opencv-python,2026-09-07,968441
opencv-python,2026-09-08,1176071
opencv-python,2026-09-09,1120970
opencv-python,2026-09-10,1140515
opencv-python,2026-09-11,1084461
opencv-python,2026-09-12,730560
opencv-python,2026-09-13,717641
opencv-python,2026-09-14,1088343
opencv-python,2026-09-15,1123290
opencv-python,2026-09-16,1099167
opencv-python,2026-09-17,1064472
opencv-python,2026-09-18,1006160
opencv-python,2026-09-19,683266
opencv-python,2026-09-20,714295
opencv-python,2026-09-21,1069243
opencv-python,2026-09-22,1104096
opencv-python,2026-09-23,1161241
opencv-python,2026-09-24,1182755
opencv-python,2026-09-25,1043436
opencv-python,2026-09-26,719424
opencv-python,2026-09-27,696720
opencv-python,2026-09-28,1161613
opencv-python,2026-09-29,1211296
opencv-python,2026-09-30,1207534
opencv-python,2026-10-01,1175472
pillow,2026-04-06,12249644
pillow,2026-04-07,15115726
pillow,2026-04-08,16377715
pillow,2026-04-09,15827876
pillow,2026-04-10,14634334
pillow,2026-04-11,10575852
pillow,2026-04-12,12204595
pillow,2026-04-13,17574924
pillow,2026-04-14,17502380
pillow,2026-04-15,16016049
pillow,2026-04-16,15447698
pillow,2026-04-17,17069927
pillow,2026-04-18,12696393
pillow,2026-04-19,12412084
pillow,2026-04-20,17943151
pillow,2026-04-21,17391729
pillow,2026-04-22,18246332
pillow,2026-04-23,17214875
pillow,2026-04-24,16937886
pillow,2026-04-25,11908147
pillow,2026-04-26,11410826
pillow,2026-04-27,15569445
pillow,2026-04-28,16105556
pillow,2026-04-29,15999446
pillow,2026-04-30,16106548
pillow,2026-05-01,13829819
pillow,2026-05-02,9911886
pillow,2026-05-03,9202466
pillow,2026-05-04,14628586
pillow,2026-05-05,16223625
pillow,2026-05-06,16702446
pillow,2026-05-07,16073802
pillow,2026-05-08,14878944
pillow,2026-05-09,11873764
pillow,2026-05-10,11575822
pillow,2026-05-11,18139687
pillow,2026-05-12,19043934
pillow,2026-05-13,19060605
pillow,2026-05-14,18086173
pillow,2026-05-15,17075112
pillow,2026-05-16,11887019
pillow,2026-05-17,12058195
pillow,2026-05-18,16273527
pillow,2026-05-19,16026412
pillow,2026-05-20,16990970
pillow,2026-05-21,18019235
pillow,2026-05-22,15850827
pillow,2026-05-23,10954672
pillow,2026-05-24,10572796
pillow,2026-05-25,13526400
pillow,2026-05-26,15499336
pillow,2026-05-27,15928092
pillow,2026-05-28,16490202
pillow,2026-05-29,15645434
pillow,2026-05-30,10820935
pillow,2026-05-31,9726237
pillow,2026-06-01,15585625
pillow,2026-06-02,17259901
pillow,2026-06-03,17669836
pillow,2026-06-04,17949303
pillow,2026-06-05,16383460
pillow,2026-06-06,11847054
pillow,2026-06-07,12185777
pillow,2026-06-08,18102671
pillow,2026-06-09,18007945
pillow,2026-06-10,18833510
pillow,2026-06-11,19024370
pillow,2026-06-12,17727964
pillow,2026-06-13,12038704
pillow,2026-06-14,11925745
pillow,2026-06-15,17920032
pillow,2026-06-16,18413446
pillow,2026-06-17,18398928
pillow,2026-06-18,17188166
pillow,2026-06-19,15601269
pillow,2026-06-20,12434611
pillow,2026-06-21,12275948
pillow,2026-06-22,17694917
pillow,2026-06-23,18344927
pillow,2026-06-24,19090755
pillow,2026-06-25,18556690
pillow,2026-06-26,17454300
pillow,2026-06-27,12593799
pillow,2026-06-28,13329464
pillow,2026-06-29,18868879
pillow,2026-06-30,18343363
pillow,2026-07-01,20049749
pillow,2026-07-02,19360821
pillow,2026-07-03,16580759
pillow,2026-07-04,12732831
pillow,2026-07-05,12439172
pillow,2026-07-06,19081962
pillow,2026-07-07,19301612
pillow,2026-07-08,18580622
pillow,2026-07-09,18360170
pillow,2026-07-10,18040399
pillow,2026-07-11,11937811
pillow,2026-07-12,11823831
pillow,2026-07-13,18924800
pillow,2026-07-14,19488181
pillow,2026-07-15,19386827
pillow,2026-07-16,19462012
pillow,2026-07-17,18857673
pillow,2026-07-18,12545046
pillow,2026-07-19,12305179
pillow,2026-07-20,18155765
pillow,2026-07-21,19849814
pillow,2026-07-22,19793817
pillow,2026-07-23,20143088
pillow,2026-07-24,18631605
pillow,2026-07-25,12476360
pillow,2026-07-26,13163988
pillow,2026-07-27,19857864
pillow,2026-07-28,20013586
pillow,2026-07-29,20636698
pillow,2026-07-30,20086996
pillow,2026-07-31,19924190
pillow,2026-08-01,15611035
pillow,2026-08-02,14647628
pillow,2026-08-03,20423500
pillow,2026-08-04,21617917
pillow,2026-08-05,22428579
pillow,2026-08-06,21815708
pillow,2026-08-07,21981320
pillow,2026-08-08,14422686
pillow,2026-08-09,13629128
pillow,2026-08-10,19819135
pillow,2026-08-11,20381456
pillow,2026-08-12,21080218
pillow,2026-08-13,22003299
pillow,2026-08-14,20955547
pillow,2026-08-15,14566503
pillow,2026-08-16,13726608
pillow,2026-08-17,19527035
pillow,2026-08-18,21386255
pillow,2026-08-19,21014768
pillow,2026-08-20,20734651
pillow,2026-08-21,20212312
pillow,2026-08-22,13965989
pillow,2026-08-23,14406184
pillow,2026-08-24,18987473
pillow,2026-08-25,14398931
pillow,2026-08-26,13890770
pillow,2026-08-27,13837766
pillow,2026-08-28,12786235
pillow,2026-08-29,8454944
pillow,2026-08-30,8381972
pillow,2026-08-31,13377129
pillow,2026-09-01,15171454
pillow,2026-09-02,15116165
pillow,2026-09-03,15229100
pillow,2026-09-04,13679632
pillow,2026-09-05,9714936
pillow,2026-09-06,9470592
pillow,2026-09-07,12778755
pillow,2026-09-08,15692670
pillow,2026-09-09,15255559
pillow,2026-09-10,15642406
pillow,2026-09-11,14834386
pillow,2026-09-12,9374677
pillow,2026-09-13,9095932
pillow,2026-09-14,14685374
pillow,2026-09-15,15704876
pillow,2026-09-16,15449986
pillow,2026-09-17,15522940
pillow,2026-09-18,14705444
pillow,2026-09-19,10175099
pillow,2026-09-20,9714873
pillow,2026-09-21,14600684
pillow,2026-09-22,15459888
pillow,2026-09-23,16409944
pillow,2026-09-24,16415930
pillow,2026-09-25,15296071
pillow,2026-09-26,10898085
pillow,2026-09-27,11110551
pillow,2026-09-28,17109818
pillow,2026-09-29,18570010
pillow,2026-09-30,18894076
pillow,2026-10-01,18914462
plotly,2026-04-06,1644303
plotly,2026-04-07,2494612
plotly,2026-04-08,2201010
plotly,2026-04-09,2359748
plotly,2026-04-10,2171709
plotly,2026-04-11,1201610
plotly,2026-04-12,1165175
plotly,2026-04-13,2448273
plotly,2026-04-14,2999236
plotly,2026-04-15,2497583
plotly,2026-04-16,2206671
plotly,2026-04-17,2072943
plotly,2026-04-18,1328033
plotly,2026-04-19,1237159
plotly,2026-04-20,2216570
plotly,2026-04-21,2404103
plotly,2026-04-22,2466217
plotly,2026-04-23,2588513
plotly,2026-04-24,2494863
plotly,2026-04-25,1654561
plotly,2026-04-26,1794046
plotly,2026-04-27,2561436
plotly,2026-04-28,2474673
plotly,2026-04-29,2388672
plotly,2026-04-30,2347302
plotly,2026-05-01,1905566
plotly,2026-05-02,1360101
plotly,2026-05-03,1278149
plotly,2026-05-04,2150315
plotly,2026-05-05,2525193
plotly,2026-05-06,2429776
plotly,2026-05-07,2378081
plotly,2026-05-08,2303842
plotly,2026-05-09,1507594
plotly,2026-05-10,1392049
plotly,2026-05-11,2399885
plotly,2026-05-12,2489886
plotly,2026-05-13,2486499
plotly,2026-05-14,2245712
plotly,2026-05-15,2557357
plotly,2026-05-16,1412223
plotly,2026-05-17,1444934
plotly,2026-05-18,2372843
plotly,2026-05-19,2613591
plotly,2026-05-20,2597369
plotly,2026-05-21,2604307
plotly,2026-05-22,2324777
plotly,2026-05-23,1468500
plotly,2026-05-24,1425687
plotly,2026-05-25,1822844
plotly,2026-05-26,2297385
plotly,2026-05-27,2431712
plotly,2026-05-28,2482760
plotly,2026-05-29,2346978
plotly,2026-05-30,1396975
plotly,2026-05-31,1326121
plotly,2026-06-01,2290022
plotly,2026-06-02,2425549
plotly,2026-06-03,2404189
plotly,2026-06-04,2479896
plotly,2026-06-05,2345911
plotly,2026-06-06,1658978
plotly,2026-06-07,1453222
plotly,2026-06-08,2536712
plotly,2026-06-09,2635515
plotly,2026-06-10,2672300
plotly,2026-06-11,2665451
plotly,2026-06-12,2348117
plotly,2026-06-13,1499767
plotly,2026-06-14,1363268
plotly,2026-06-15,2404492
plotly,2026-06-16,2480847
plotly,2026-06-17,2427111
plotly,2026-06-18,2478308
plotly,2026-06-19,2039635
plotly,2026-06-20,1394305
plotly,2026-06-21,1367419
plotly,2026-06-22,2360901
plotly,2026-06-23,2503668
plotly,2026-06-24,2441552
plotly,2026-06-25,2447981
plotly,2026-06-26,2180430
plotly,2026-06-27,1341762
plotly,2026-06-28,1263332
plotly,2026-06-29,2226891
plotly,2026-06-30,2391663
plotly,2026-07-01,2453071
plotly,2026-07-02,2412868
plotly,2026-07-03,2008054
plotly,2026-07-04,1315964
plotly,2026-07-05,1383005
plotly,2026-07-06,2408280
plotly,2026-07-07,2552301
plotly,2026-07-08,2536865
plotly,2026-07-09,2520309
plotly,2026-07-10,2465048
plotly,2026-07-11,1444695
plotly,2026-07-12,1461954
plotly,2026-07-13,2637690
plotly,2026-07-14,2790937
plotly,2026-07-15,2723208
plotly,2026-07-16,2681891
plotly,2026-07-17,2405791
plotly,2026-07-18,1528909
plotly,2026-07-19,1476793
plotly,2026-07-20,2546575
plotly,2026-07-21,2760926
plotly,2026-07-22,2614264
plotly,2026-07-23,2553295
plotly,2026-07-24,2433745
plotly,2026-07-25,1528013
plotly,2026-07-26,1550745
plotly,2026-07-27,2644964
plotly,2026-07-28,2639901
plotly,2026-07-29,2688302
plotly,2026-07-30,2683502
plotly,2026-07-31,2516103
plotly,2026-08-01,1536175
plotly,2026-08-02,1745677
plotly,2026-08-03,2669044
plotly,2026-08-04,2701390
plotly,2026-08-05,2679778
plotly,2026-08-06,2600155
plotly,2026-08-07,3033317
plotly,2026-08-08,1582195
plotly,2026-08-09,1457522
plotly,2026-08-10,2799077
plotly,2026-08-11,2844308
plotly,2026-08-12,2698860
plotly,2026-08-13,2636479
plotly,2026-08-14,2445507
plotly,2026-08-15,1565215
plotly,2026-08-16,1557430
plotly,2026-08-17,2492455
plotly,2026-08-18,2677524
plotly,2026-08-19,2633584
plotly,2026-08-20,2463672
plotly,2026-08-21,2392681
plotly,2026-08-22,1444821
plotly,2026-08-23,1407613
plotly,2026-08-24,2305794
plotly,2026-08-25,1974238
plotly,2026-08-26,1835129
plotly,2026-08-27,2003467
plotly,2026-08-28,1822851
plotly,2026-08-29,992984
plotly,2026-08-30,991452
plotly,2026-08-31,1805646
plotly,2026-09-01,2076969
plotly,2026-09-02,2071868
plotly,2026-09-03,2155720
plotly,2026-09-04,1790136
plotly,2026-09-05,1040511
plotly,2026-09-06,974057
plotly,2026-09-07,1492574
plotly,2026-09-08,1843434
plotly,2026-09-09,1832441
plotly,2026-09-10,1854747
plotly,2026-09-11,1686416
plotly,2026-09-12,998097
plotly,2026-09-13,942863
plotly,2026-09-14,1755148
plotly,2026-09-15,1971208
plotly,2026-09-16,1903363
plotly,2026-09-17,1940459
plotly,2026-09-18,1756520
plotly,2026-09-19,1034737
plotly,2026-09-20,957705
plotly,2026-09-21,1743348
plotly,2026-09-22,1933582
plotly,2026-09-23,2027966
plotly,2026-09-24,2033160
plotly,2026-09-25,1832837
plotly,2026-09-26,1051989
plotly,2026-09-27,1041604
plotly,2026-09-28,1958631
plotly,2026-09-29,2141121
plotly,2026-09-30,2017238
plotly,2026-10-01,2130673
polars,2026-04-06,1467239
polars,2026-04-07,2044339
polars,2026-04-08,2036800
polars,2026-04-09,2052286
polars,2026-04-10,1902721
polars,2026-04-11,1179769
polars,2026-04-12,1093282
polars,2026-04-13,1823263
polars,2026-04-14,2058403
polars,2026-04-15,1994215
polars,2026-04-16,1970069
polars,2026-04-17,1816280
polars,2026-04-18,1085862
polars,2026-04-19,1052608
polars,2026-04-20,2051960
polars,2026-04-21,2208128
polars,2026-04-22,2100838
polars,2026-04-23,1990946
polars,2026-04-24,1937430
polars,2026-04-25,1243475
polars,2026-04-26,1102253
polars,2026-04-27,1929845
polars,2026-04-28,2118936
polars,2026-04-29,2069624
polars,2026-04-30,1969516
polars,2026-05-01,1592599
polars,2026-05-02,1116190
polars,2026-05-03,1053512
polars,2026-05-04,1738533
polars,2026-05-05,1974345
polars,2026-05-06,2041575
polars,2026-05-07,2151430
polars,2026-05-08,1954713
polars,2026-05-09,1327929
polars,2026-05-10,1107760
polars,2026-05-11,1864529
polars,2026-05-12,2119226
polars,2026-05-13,2073093
polars,2026-05-14,1950044
polars,2026-05-15,1869059
polars,2026-05-16,1153200
polars,2026-05-17,1177581
polars,2026-05-18,1947767
polars,2026-05-19,2228041
polars,2026-05-20,2351202
polars,2026-05-21,2391600
polars,2026-05-22,2025317
polars,2026-05-23,1323078
polars,2026-05-24,1334987
polars,2026-05-25,1849041
polars,2026-05-26,2054651
polars,2026-05-27,2616549
polars,2026-05-28,2465535
polars,2026-05-29,2244741
polars,2026-05-30,1668926
polars,2026-05-31,1223278
polars,2026-06-01,2299991
polars,2026-06-02,2490482
polars,2026-06-03,2645729
polars,2026-06-04,2379233
polars,2026-06-05,2252780
polars,2026-06-06,1630611
polars,2026-06-07,1318173
polars,2026-06-08,2445319
polars,2026-06-09,2876466
polars,2026-06-10,2859911
polars,2026-06-11,2474287
polars,2026-06-12,2003697
polars,2026-06-13,1251210
polars,2026-06-14,1219086
polars,2026-06-15,2041016
polars,2026-06-16,2197728
polars,2026-06-17,2119757
polars,2026-06-18,2149508
polars,2026-06-19,1803272
polars,2026-06-20,1227831
polars,2026-06-21,1162634
polars,2026-06-22,2090044
polars,2026-06-23,2208160
polars,2026-06-24,2376576
polars,2026-06-25,2272069
polars,2026-06-26,2085686
polars,2026-06-27,1330795
polars,2026-06-28,1175316
polars,2026-06-29,2278478
polars,2026-06-30,2574871
polars,2026-07-01,2357206
polars,2026-07-02,2233168
polars,2026-07-03,1976133
polars,2026-07-04,1181283
polars,2026-07-05,1244364
polars,2026-07-06,2152919
polars,2026-07-07,2612899
polars,2026-07-08,2510690
polars,2026-07-09,2299692
polars,2026-07-10,2331625
polars,2026-07-11,1317554
polars,2026-07-12,1258736
polars,2026-07-13,2377740
polars,2026-07-14,2502545
polars,2026-07-15,2477728
polars,2026-07-16,2508187
polars,2026-07-17,2532702
polars,2026-07-18,1689299
polars,2026-07-19,1569832
polars,2026-07-20,2602218
polars,2026-07-21,2865014
polars,2026-07-22,2667508
polars,2026-07-23,2753278
polars,2026-07-24,2805136
polars,2026-07-25,1551659
polars,2026-07-26,1611360
polars,2026-07-27,2643672
polars,2026-07-28,3490442
polars,2026-07-29,2836696
polars,2026-07-30,2928027
polars,2026-07-31,2781432
polars,2026-08-01,1850618
polars,2026-08-02,1952367
polars,2026-08-03,2889197
polars,2026-08-04,3091217
polars,2026-08-05,2891792
polars,2026-08-06,2847230
polars,2026-08-07,3431546
polars,2026-08-08,2165430
polars,2026-08-09,2051280
polars,2026-08-10,3380070
polars,2026-08-11,3429982
polars,2026-08-12,2801246
polars,2026-08-13,2896799
polars,2026-08-14,2688350
polars,2026-08-15,1755576
polars,2026-08-16,1828155
polars,2026-08-17,2702836
polars,2026-08-18,2813768
polars,2026-08-19,2711903
polars,2026-08-20,2810135
polars,2026-08-21,2568267
polars,2026-08-22,1469161
polars,2026-08-23,1413782
polars,2026-08-24,2261333
polars,2026-08-25,1979971
polars,2026-08-26,1861737
polars,2026-08-27,2002259
polars,2026-08-28,1866804
polars,2026-08-29,1046708
polars,2026-08-30,1061913
polars,2026-08-31,1876189
polars,2026-09-01,2113172
polars,2026-09-02,2187492
polars,2026-09-03,2335592
polars,2026-09-04,1939895
polars,2026-09-05,1033517
polars,2026-09-06,1007168
polars,2026-09-07,1499274
polars,2026-09-08,1997112
polars,2026-09-09,2016173
polars,2026-09-10,2033921
polars,2026-09-11,1887424
polars,2026-09-12,1087308
polars,2026-09-13,1029171
polars,2026-09-14,1838591
polars,2026-09-15,1999442
polars,2026-09-16,1920404
polars,2026-09-17,1882444
polars,2026-09-18,1853051
polars,2026-09-19,1082157
polars,2026-09-20,1053812
polars,2026-09-21,1796944
polars,2026-09-22,2036681
polars,2026-09-23,2057428
polars,2026-09-24,2130283
polars,2026-09-25,1888391
polars,2026-09-26,1061864
polars,2026-09-27,1051595
polars,2026-09-28,1903980
polars,2026-09-29,2203132
polars,2026-09-30,2130440
polars,2026-10-01,2160822
pyarrow,2026-04-06,11225863
pyarrow,2026-04-07,12820733
pyarrow,2026-04-08,13028483
pyarrow,2026-04-09,12356819
pyarrow,2026-04-10,12368100
pyarrow,2026-04-11,8853391
pyarrow,2026-04-12,9041596
pyarrow,2026-04-13,12480653
pyarrow,2026-04-14,13097781
pyarrow,2026-04-15,13918613
pyarrow,2026-04-16,12985339
pyarrow,2026-04-17,12672298
pyarrow,2026-04-18,9625710
pyarrow,2026-04-19,9373629
pyarrow,2026-04-20,13414106
pyarrow,2026-04-21,14408839
pyarrow,2026-04-22,15114820
pyarrow,2026-04-23,16297109
pyarrow,2026-04-24,16349340
pyarrow,2026-04-25,13419928
pyarrow,2026-04-26,12157077
pyarrow,2026-04-27,14872503
pyarrow,2026-04-28,15442895
pyarrow,2026-04-29,15425964
pyarrow,2026-04-30,15154431
pyarrow,2026-05-01,14176570
pyarrow,2026-05-02,10722820
pyarrow,2026-05-03,9498776
pyarrow,2026-05-04,13467860
pyarrow,2026-05-05,15366552
pyarrow,2026-05-06,15690104
pyarrow,2026-05-07,15934132
pyarrow,2026-05-08,13491151
pyarrow,2026-05-09,9954859
pyarrow,2026-05-10,9935214
pyarrow,2026-05-11,14066926
pyarrow,2026-05-12,14497232
pyarrow,2026-05-13,14168504
pyarrow,2026-05-14,13918994
pyarrow,2026-05-15,13230231
pyarrow,2026-05-16,9582942
pyarrow,2026-05-17,9512727
pyarrow,2026-05-18,13967675
pyarrow,2026-05-19,15005268
pyarrow,2026-05-20,15356211
pyarrow,2026-05-21,15416520
pyarrow,2026-05-22,13732776
pyarrow,2026-05-23,10564405
pyarrow,2026-05-24,10612933
pyarrow,2026-05-25,12548464
pyarrow,2026-05-26,13205637
pyarrow,2026-05-27,14282213
pyarrow,2026-05-28,14083971
pyarrow,2026-05-29,13718719
pyarrow,2026-05-30,10242211
pyarrow,2026-05-31,9273061
pyarrow,2026-06-01,13776393
pyarrow,2026-06-02,15324524
pyarrow,2026-06-03,15746292
pyarrow,2026-06-04,15931909
pyarrow,2026-06-05,15662068
pyarrow,2026-06-06,11803222
pyarrow,2026-06-07,10672913
pyarrow,2026-06-08,15476444
pyarrow,2026-06-09,15824227
pyarrow,2026-06-10,16701310
pyarrow,2026-06-11,15771602
pyarrow,2026-06-12,14654117
pyarrow,2026-06-13,10531960
pyarrow,2026-06-14,11445263
pyarrow,2026-06-15,15032995
pyarrow,2026-06-16,15122908
pyarrow,2026-06-17,14830668
pyarrow,2026-06-18,14031843
pyarrow,2026-06-19,13198224
pyarrow,2026-06-20,10656277
pyarrow,2026-06-21,10742714
pyarrow,2026-06-22,14693507
pyarrow,2026-06-23,15555975
pyarrow,2026-06-24,15291668
pyarrow,2026-06-25,14926846
pyarrow,2026-06-26,13632955
pyarrow,2026-06-27,10205564
pyarrow,2026-06-28,10299839
pyarrow,2026-06-29,13779498
pyarrow,2026-06-30,15306905
pyarrow,2026-07-01,15679587
pyarrow,2026-07-02,14232995
pyarrow,2026-07-03,12173967
pyarrow,2026-07-04,9477229
pyarrow,2026-07-05,9564818
pyarrow,2026-07-06,13784123
pyarrow,2026-07-07,14697721
pyarrow,2026-07-08,14664225
pyarrow,2026-07-09,14159845
pyarrow,2026-07-10,14297970
pyarrow,2026-07-11,10733832
pyarrow,2026-07-12,10481062
pyarrow,2026-07-13,14915153
pyarrow,2026-07-14,15813053
pyarrow,2026-07-15,15252017
pyarrow,2026-07-16,15288473
pyarrow,2026-07-17,14764087
pyarrow,2026-07-18,10627709
pyarrow,2026-07-19,10332867
pyarrow,2026-07-20,14621552
pyarrow,2026-07-21,16097282
pyarrow,2026-07-22,16506701
pyarrow,2026-07-23,16903738
pyarrow,2026-07-24,16077139
pyarrow,2026-07-25,11137236
pyarrow,2026-07-26,11193621
pyarrow,2026-07-27,15520404
pyarrow,2026-07-28,16407644
pyarrow,2026-07-29,15945802
pyarrow,2026-07-30,15959140
pyarrow,2026-07-31,15428905
pyarrow,2026-08-01,13404164
pyarrow,2026-08-02,13157520
pyarrow,2026-08-03,16738531
pyarrow,2026-08-04,17789342
pyarrow,2026-08-05,18490013
pyarrow,2026-08-06,18591008
pyarrow,2026-08-07,18259220
pyarrow,2026-08-08,13119540
pyarrow,2026-08-09,12160481
pyarrow,2026-08-10,16315066
pyarrow,2026-08-11,17117767
pyarrow,2026-08-12,17126968
pyarrow,2026-08-13,16887330
pyarrow,2026-08-14,15424767
pyarrow,2026-08-15,11627812
pyarrow,2026-08-16,11716089
pyarrow,2026-08-17,15489740
pyarrow,2026-08-18,16431794
pyarrow,2026-08-19,16216005
pyarrow,2026-08-20,16177440
pyarrow,2026-08-21,16019337
pyarrow,2026-08-22,11396352
pyarrow,2026-08-23,11558824
pyarrow,2026-08-24,14463812
pyarrow,2026-08-25,11517361
pyarrow,2026-08-26,11553212
pyarrow,2026-08-27,11220324
pyarrow,2026-08-28,10452282
pyarrow,2026-08-29,7646597
pyarrow,2026-08-30,7747901
pyarrow,2026-08-31,11106586
pyarrow,2026-09-01,12118865
pyarrow,2026-09-02,12121374
pyarrow,2026-09-03,12403944
pyarrow,2026-09-04,11236542
pyarrow,2026-09-05,8868124
pyarrow,2026-09-06,7917739
pyarrow,2026-09-07,9815195
pyarrow,2026-09-08,12099642
pyarrow,2026-09-09,11836670
pyarrow,2026-09-10,12319867
pyarrow,2026-09-11,11795365
pyarrow,2026-09-12,8168186
pyarrow,2026-09-13,7628666
pyarrow,2026-09-14,11356913
pyarrow,2026-09-15,12080953
pyarrow,2026-09-16,11728690
pyarrow,2026-09-17,11915761
pyarrow,2026-09-18,11459254
pyarrow,2026-09-19,8109123
pyarrow,2026-09-20,7848291
pyarrow,2026-09-21,11313147
pyarrow,2026-09-22,12170176
pyarrow,2026-09-23,12485566
pyarrow,2026-09-24,12667180
pyarrow,2026-09-25,11665303
pyarrow,2026-09-26,8585727
pyarrow,2026-09-27,8502117
pyarrow,2026-09-28,12405335
pyarrow,2026-09-29,13688575
pyarrow,2026-09-30,14027372
pyarrow,2026-10-01,14152205
pydantic,2026-04-06,25634402
pydantic,2026-04-07,29221460
pydantic,2026-04-08,32630076
pydantic,2026-04-09,31546390
pydantic,2026-04-10,30532990
pydantic,2026-04-11,20235117
pydantic,2026-04-12,22792504
pydantic,2026-04-13,34868433
pydantic,2026-04-14,36953506
pydantic,2026-04-15,36949220
pydantic,2026-04-16,35977205
pydantic,2026-04-17,37363755
pydantic,2026-04-18,24770123
pydantic,2026-04-19,24113708
pydantic,2026-04-20,38819424
pydantic,2026-04-21,39944954
pydantic,2026-04-22,39035070
pydantic,2026-04-23,40174963
pydantic,2026-04-24,38857455
pydantic,2026-04-25,25622311
pydantic,2026-04-26,25339028
pydantic,2026-04-27,35530257
pydantic,2026-04-28,36750308
pydantic,2026-04-29,36605186
pydantic,2026-04-30,35165592
pydantic,2026-05-01,30804124
pydantic,2026-05-02,24083571
pydantic,2026-05-03,22904595
pydantic,2026-05-04,33722780
pydantic,2026-05-05,37232321
pydantic,2026-05-06,39276767
pydantic,2026-05-07,40966396
pydantic,2026-05-08,36498694
pydantic,2026-05-09,28109108
pydantic,2026-05-10,26552792
pydantic,2026-05-11,42672556
pydantic,2026-05-12,42643151
pydantic,2026-05-13,42380180
pydantic,2026-05-14,43189431
pydantic,2026-05-15,38507772
pydantic,2026-05-16,27242099
pydantic,2026-05-17,28023941
pydantic,2026-05-18,39520980
pydantic,2026-05-19,41582373
pydantic,2026-05-20,40485482
pydantic,2026-05-21,39871348
pydantic,2026-05-22,36238118
pydantic,2026-05-23,24532648
pydantic,2026-05-24,24491310
pydantic,2026-05-25,31350168
pydantic,2026-05-26,34642587
pydantic,2026-05-27,37106878
pydantic,2026-05-28,38283225
pydantic,2026-05-29,36540781
pydantic,2026-05-30,25000119
pydantic,2026-05-31,24118023
pydantic,2026-06-01,36225496
pydantic,2026-06-02,40338381
pydantic,2026-06-03,41376761
pydantic,2026-06-04,40479669
pydantic,2026-06-05,36463817
pydantic,2026-06-06,25646697
pydantic,2026-06-07,24920546
pydantic,2026-06-08,38576962
pydantic,2026-06-09,39163485
pydantic,2026-06-10,43969443
pydantic,2026-06-11,41561855
pydantic,2026-06-12,39177389
pydantic,2026-06-13,25064652
pydantic,2026-06-14,25514869
pydantic,2026-06-15,39324232
pydantic,2026-06-16,41091905
pydantic,2026-06-17,40500818
pydantic,2026-06-18,39295271
pydantic,2026-06-19,34580948
pydantic,2026-06-20,25692864
pydantic,2026-06-21,25637842
pydantic,2026-06-22,37933264
pydantic,2026-06-23,38138800
pydantic,2026-06-24,39147464
pydantic,2026-06-25,37638992
pydantic,2026-06-26,34739816
pydantic,2026-06-27,24403516
pydantic,2026-06-28,25124957
pydantic,2026-06-29,37248642
pydantic,2026-06-30,38058664
pydantic,2026-07-01,39949877
pydantic,2026-07-02,37906330
pydantic,2026-07-03,32536960
pydantic,2026-07-04,24524033
pydantic,2026-07-05,24180724
pydantic,2026-07-06,36407552
pydantic,2026-07-07,39067623
pydantic,2026-07-08,38448889
pydantic,2026-07-09,36912887
pydantic,2026-07-10,36006468
pydantic,2026-07-11,24780190
pydantic,2026-07-12,25290744
pydantic,2026-07-13,38450574
pydantic,2026-07-14,39554025
pydantic,2026-07-15,39968323
pydantic,2026-07-16,40398646
pydantic,2026-07-17,37996401
pydantic,2026-07-18,25240383
pydantic,2026-07-19,24342380
pydantic,2026-07-20,37548823
pydantic,2026-07-21,40103070
pydantic,2026-07-22,40847939
pydantic,2026-07-23,40704008
pydantic,2026-07-24,38196604
pydantic,2026-07-25,25784619
pydantic,2026-07-26,26563917
pydantic,2026-07-27,41512316
pydantic,2026-07-28,42591659
pydantic,2026-07-29,43127823
pydantic,2026-07-30,42692346
pydantic,2026-07-31,40559079
pydantic,2026-08-01,30260429
pydantic,2026-08-02,30402134
pydantic,2026-08-03,44463660
pydantic,2026-08-04,45698948
pydantic,2026-08-05,46115305
pydantic,2026-08-06,43187117
pydantic,2026-08-07,45127468
pydantic,2026-08-08,30338987
pydantic,2026-08-09,30410271
pydantic,2026-08-10,42716851
pydantic,2026-08-11,44259736
pydantic,2026-08-12,45066485
pydantic,2026-08-13,44971609
pydantic,2026-08-14,42676118
pydantic,2026-08-15,29831786
pydantic,2026-08-16,29835708
pydantic,2026-08-17,42858722
pydantic,2026-08-18,45026503
pydantic,2026-08-19,43870257
pydantic,2026-08-20,43649432
pydantic,2026-08-21,42977168
pydantic,2026-08-22,30075000
pydantic,2026-08-23,30685054
pydantic,2026-08-24,39255759
pydantic,2026-08-25,28266472
pydantic,2026-08-26,27894502
pydantic,2026-08-27,27278522
pydantic,2026-08-28,26068243
pydantic,2026-08-29,18404056
pydantic,2026-08-30,17980282
pydantic,2026-08-31,28300900
pydantic,2026-09-01,30673176
pydantic,2026-09-02,30729419
pydantic,2026-09-03,30760239
pydantic,2026-09-04,28106796
pydantic,2026-09-05,19204764
pydantic,2026-09-06,18943309
pydantic,2026-09-07,26394028
pydantic,2026-09-08,31855970
pydantic,2026-09-09,30991572
pydantic,2026-09-10,31126186
pydantic,2026-09-11,28634825
pydantic,2026-09-12,18547676
pydantic,2026-09-13,18109764
pydantic,2026-09-14,29460683
pydantic,2026-09-15,31870526
pydantic,2026-09-16,30758852
pydantic,2026-09-17,31189697
pydantic,2026-09-18,30570395
pydantic,2026-09-19,19621893
pydantic,2026-09-20,18911889
pydantic,2026-09-21,29598413
pydantic,2026-09-22,31770731
pydantic,2026-09-23,32940368
pydantic,2026-09-24,33197843
pydantic,2026-09-25,30572952
pydantic,2026-09-26,20426241
pydantic,2026-09-27,21266837
pydantic,2026-09-28,32324612
pydantic,2026-09-29,35459710
pydantic,2026-09-30,34390733
pydantic,2026-10-01,34687204
pydantic-settings,2026-04-06,8069703
pydantic-settings,2026-04-07,9604726
pydantic-settings,2026-04-08,11256199
pydantic-settings,2026-04-09,10795276
pydantic-settings,2026-04-10,9153036
pydantic-settings,2026-04-11,6105482
pydantic-settings,2026-04-12,9092632
pydantic-settings,2026-04-13,12298006
pydantic-settings,2026-04-14,13230380
pydantic-settings,2026-04-15,12016814
pydantic-settings,2026-04-16,10855818
pydantic-settings,2026-04-17,11518033
pydantic-settings,2026-04-18,8400176
pydantic-settings,2026-04-19,8506772
pydantic-settings,2026-04-20,13948026
pydantic-settings,2026-04-21,14887881
pydantic-settings,2026-04-22,14330428
pydantic-settings,2026-04-23,13541113
pydantic-settings,2026-04-24,12594598
pydantic-settings,2026-04-25,8101964
pydantic-settings,2026-04-26,7386182
pydantic-settings,2026-04-27,11017421
pydantic-settings,2026-04-28,11344285
pydantic-settings,2026-04-29,11244849
pydantic-settings,2026-04-30,11081630
pydantic-settings,2026-05-01,9421053
pydantic-settings,2026-05-02,6957613
pydantic-settings,2026-05-03,6823279
pydantic-settings,2026-05-04,10412978
pydantic-settings,2026-05-05,12199965
pydantic-settings,2026-05-06,12887802
pydantic-settings,2026-05-07,13990820
pydantic-settings,2026-05-08,12834081
pydantic-settings,2026-05-09,10280153
pydantic-settings,2026-05-10,10651654
pydantic-settings,2026-05-11,15921311
pydantic-settings,2026-05-12,16702208
pydantic-settings,2026-05-13,16052607
pydantic-settings,2026-05-14,15359915
pydantic-settings,2026-05-15,14252279
pydantic-settings,2026-05-16,9987019
pydantic-settings,2026-05-17,10470916
pydantic-settings,2026-05-18,14056404
pydantic-settings,2026-05-19,13718972
pydantic-settings,2026-05-20,14086153
pydantic-settings,2026-05-21,13936565
pydantic-settings,2026-05-22,12630067
pydantic-settings,2026-05-23,7997642
pydantic-settings,2026-05-24,8155156
pydantic-settings,2026-05-25,10748342
pydantic-settings,2026-05-26,12609742
pydantic-settings,2026-05-27,12633387
pydantic-settings,2026-05-28,13812174
pydantic-settings,2026-05-29,13237309
pydantic-settings,2026-05-30,7910084
pydantic-settings,2026-05-31,7663601
pydantic-settings,2026-06-01,13044087
pydantic-settings,2026-06-02,14339253
pydantic-settings,2026-06-03,13662836
pydantic-settings,2026-06-04,13835869
pydantic-settings,2026-06-05,12742695
pydantic-settings,2026-06-06,8286015
pydantic-settings,2026-06-07,8320982
pydantic-settings,2026-06-08,13272521
pydantic-settings,2026-06-09,14102317
pydantic-settings,2026-06-10,15502453
pydantic-settings,2026-06-11,14965224
pydantic-settings,2026-06-12,13967421
pydantic-settings,2026-06-13,8811749
pydantic-settings,2026-06-14,8629901
pydantic-settings,2026-06-15,14147998
pydantic-settings,2026-06-16,14987367
pydantic-settings,2026-06-17,14665918
pydantic-settings,2026-06-18,14503853
pydantic-settings,2026-06-19,13484659
pydantic-settings,2026-06-20,10532264
pydantic-settings,2026-06-21,10266391
pydantic-settings,2026-06-22,16280127
pydantic-settings,2026-06-23,15743747
pydantic-settings,2026-06-24,15857067
pydantic-settings,2026-06-25,15016087
pydantic-settings,2026-06-26,13930678
pydantic-settings,2026-06-27,9104543
pydantic-settings,2026-06-28,10180416
pydantic-settings,2026-06-29,15770437
pydantic-settings,2026-06-30,15315399
pydantic-settings,2026-07-01,16080665
pydantic-settings,2026-07-02,15909821
pydantic-settings,2026-07-03,13567611
pydantic-settings,2026-07-04,9676653
pydantic-settings,2026-07-05,9063900
pydantic-settings,2026-07-06,14962557
pydantic-settings,2026-07-07,16641709
pydantic-settings,2026-07-08,15424925
pydantic-settings,2026-07-09,15033321
pydantic-settings,2026-07-10,14380890
pydantic-settings,2026-07-11,9537777
pydantic-settings,2026-07-12,9894861
pydantic-settings,2026-07-13,15660740
pydantic-settings,2026-07-14,16123740
pydantic-settings,2026-07-15,16438145
pydantic-settings,2026-07-16,16952314
pydantic-settings,2026-07-17,16751209
pydantic-settings,2026-07-18,10095802
pydantic-settings,2026-07-19,9749808
pydantic-settings,2026-07-20,15879386
pydantic-settings,2026-07-21,16807173
pydantic-settings,2026-07-22,16840174
pydantic-settings,2026-07-23,16624413
pydantic-settings,2026-07-24,15536641
pydantic-settings,2026-07-25,10050817
pydantic-settings,2026-07-26,10107639
pydantic-settings,2026-07-27,17413482
pydantic-settings,2026-07-28,18142347
pydantic-settings,2026-07-29,18272414
pydantic-settings,2026-07-30,18751286
pydantic-settings,2026-07-31,16794519
pydantic-settings,2026-08-01,10966207
pydantic-settings,2026-08-02,10965987
pydantic-settings,2026-08-03,17278147
pydantic-settings,2026-08-04,18875977
pydantic-settings,2026-08-05,18882174
pydantic-settings,2026-08-06,16442421
pydantic-settings,2026-08-07,19808489
pydantic-settings,2026-08-08,13176767
pydantic-settings,2026-08-09,13905684
pydantic-settings,2026-08-10,20308253
pydantic-settings,2026-08-11,20907972
pydantic-settings,2026-08-12,21287130
pydantic-settings,2026-08-13,20768666
pydantic-settings,2026-08-14,19419819
pydantic-settings,2026-08-15,13255717
pydantic-settings,2026-08-16,13379274
pydantic-settings,2026-08-17,19461840
pydantic-settings,2026-08-18,20638269
pydantic-settings,2026-08-19,19738243
pydantic-settings,2026-08-20,19303796
pydantic-settings,2026-08-21,18842429
pydantic-settings,2026-08-22,12680087
pydantic-settings,2026-08-23,12874233
pydantic-settings,2026-08-24,17066264
pydantic-settings,2026-08-25,12691104
pydantic-settings,2026-08-26,12611886
pydantic-settings,2026-08-27,12321331
pydantic-settings,2026-08-28,10963561
pydantic-settings,2026-08-29,7093744
pydantic-settings,2026-08-30,7089463
pydantic-settings,2026-08-31,11476433
pydantic-settings,2026-09-01,13083195
pydantic-settings,2026-09-02,13131450
pydantic-settings,2026-09-03,13574117
pydantic-settings,2026-09-04,12153805
pydantic-settings,2026-09-05,7795613
pydantic-settings,2026-09-06,7637992
pydantic-settings,2026-09-07,10904909
pydantic-settings,2026-09-08,13783230
pydantic-settings,2026-09-09,13541003
pydantic-settings,2026-09-10,13743871
pydantic-settings,2026-09-11,12893108
pydantic-settings,2026-09-12,7575392
pydantic-settings,2026-09-13,7176253
pydantic-settings,2026-09-14,12629750
pydantic-settings,2026-09-15,13545920
pydantic-settings,2026-09-16,13297575
pydantic-settings,2026-09-17,13581015
pydantic-settings,2026-09-18,13142379
pydantic-settings,2026-09-19,8182221
pydantic-settings,2026-09-20,7426313
pydantic-settings,2026-09-21,12251109
pydantic-settings,2026-09-22,13317693
pydantic-settings,2026-09-23,14125119
pydantic-settings,2026-09-24,14507660
pydantic-settings,2026-09-25,13188896
pydantic-settings,2026-09-26,7999205
pydantic-settings,2026-09-27,8469122
pydantic-settings,2026-09-28,14089042
pydantic-settings,2026-09-29,15720013
pydantic-settings,2026-09-30,15292314
pydantic-settings,2026-10-01,15751507
pyspark,2026-04-06,1638918
pyspark,2026-04-07,1832407
pyspark,2026-04-08,1831336
pyspark,2026-04-09,1876498
pyspark,2026-04-10,1789927
pyspark,2026-04-11,1386412
pyspark,2026-04-12,1368863
pyspark,2026-04-13,1796679
pyspark,2026-04-14,1845269
pyspark,2026-04-15,1854081
pyspark,2026-04-16,1858308
pyspark,2026-04-17,1793822
pyspark,2026-04-18,1459591
pyspark,2026-04-19,1402215
pyspark,2026-04-20,1861752
pyspark,2026-04-21,1916962
pyspark,2026-04-22,1932450
pyspark,2026-04-23,1896659
pyspark,2026-04-24,1847554
pyspark,2026-04-25,1496182
pyspark,2026-04-26,1473750
pyspark,2026-04-27,1853309
pyspark,2026-04-28,1936140
pyspark,2026-04-29,1973626
pyspark,2026-04-30,1935312
pyspark,2026-05-01,1732169
pyspark,2026-05-02,1417746
pyspark,2026-05-03,1421172
pyspark,2026-05-04,1758521
pyspark,2026-05-05,1835349
pyspark,2026-05-06,1798521
pyspark,2026-05-07,1760514
pyspark,2026-05-08,1687606
pyspark,2026-05-09,1356655
pyspark,2026-05-10,1309879
pyspark,2026-05-11,1743816
pyspark,2026-05-12,1815277
pyspark,2026-05-13,1795884
pyspark,2026-05-14,1753684
pyspark,2026-05-15,1676590
pyspark,2026-05-16,1340354
pyspark,2026-05-17,1320850
pyspark,2026-05-18,1747987
pyspark,2026-05-19,1856245
pyspark,2026-05-20,1817439
pyspark,2026-05-21,1799008
pyspark,2026-05-22,1777255
pyspark,2026-05-23,1360321
pyspark,2026-05-24,1289495
pyspark,2026-05-25,1550028
pyspark,2026-05-26,1751286
pyspark,2026-05-27,1781740
pyspark,2026-05-28,1765838
pyspark,2026-05-29,1756220
pyspark,2026-05-30,1307364
pyspark,2026-05-31,1284211
pyspark,2026-06-01,1707389
pyspark,2026-06-02,1810560
pyspark,2026-06-03,1760690
pyspark,2026-06-04,1735173
pyspark,2026-06-05,1664910
pyspark,2026-06-06,1303795
pyspark,2026-06-07,1298592
pyspark,2026-06-08,1683643
pyspark,2026-06-09,1788668
pyspark,2026-06-10,1778276
pyspark,2026-06-11,1744566
pyspark,2026-06-12,1655714
pyspark,2026-06-13,1291515
pyspark,2026-06-14,1295864
pyspark,2026-06-15,1736754
pyspark,2026-06-16,1762681
pyspark,2026-06-17,1772161
pyspark,2026-06-18,1768662
pyspark,2026-06-19,1681643
pyspark,2026-06-20,1399017
pyspark,2026-06-21,1383662
pyspark,2026-06-22,1764346
pyspark,2026-06-23,1819844
pyspark,2026-06-24,1781109
pyspark,2026-06-25,1765161
pyspark,2026-06-26,1704866
pyspark,2026-06-27,1349330
pyspark,2026-06-28,1317701
pyspark,2026-06-29,1703512
pyspark,2026-06-30,1758785
pyspark,2026-07-01,1806611
pyspark,2026-07-02,1707925
pyspark,2026-07-03,1565650
pyspark,2026-07-04,1299442
pyspark,2026-07-05,1276034
pyspark,2026-07-06,1650119
pyspark,2026-07-07,1747796
pyspark,2026-07-08,1745203
pyspark,2026-07-09,1728948
pyspark,2026-07-10,1730126
pyspark,2026-07-11,1396195
pyspark,2026-07-12,1417814
pyspark,2026-07-13,1905443
pyspark,2026-07-14,1992405
pyspark,2026-07-15,1924727
pyspark,2026-07-16,1891899
pyspark,2026-07-17,1744485
pyspark,2026-07-18,1396119
pyspark,2026-07-19,1411485
pyspark,2026-07-20,1772139
pyspark,2026-07-21,1844486
pyspark,2026-07-22,1787528
pyspark,2026-07-23,1746408
pyspark,2026-07-24,1742406
pyspark,2026-07-25,1330147
pyspark,2026-07-26,1322796
pyspark,2026-07-27,1733910
pyspark,2026-07-28,1703188
pyspark,2026-07-29,1692327
pyspark,2026-07-30,1698930
pyspark,2026-07-31,1730205
pyspark,2026-08-01,1355908
pyspark,2026-08-02,1339690
pyspark,2026-08-03,1686276
pyspark,2026-08-04,1701582
pyspark,2026-08-05,1695688
pyspark,2026-08-06,1654679
pyspark,2026-08-07,1640736
pyspark,2026-08-08,1298162
pyspark,2026-08-09,1278183
pyspark,2026-08-10,1617931
pyspark,2026-08-11,1683840
pyspark,2026-08-12,1704393
pyspark,2026-08-13,1713914
pyspark,2026-08-14,1617937
pyspark,2026-08-15,1282277
pyspark,2026-08-16,1274845
pyspark,2026-08-17,1613318
pyspark,2026-08-18,1695214
pyspark,2026-08-19,1632901
pyspark,2026-08-20,1563064
pyspark,2026-08-21,1561711
pyspark,2026-08-22,1234133
pyspark,2026-08-23,1205614
pyspark,2026-08-24,1609978
pyspark,2026-08-25,1663638
pyspark,2026-08-26,1674892
pyspark,2026-08-27,1678790
pyspark,2026-08-28,1584217
pyspark,2026-08-29,1271819
pyspark,2026-08-30,1234025
pyspark,2026-08-31,1630048
pyspark,2026-09-01,1765800
pyspark,2026-09-02,1703044
pyspark,2026-09-03,1724674
pyspark,2026-09-04,1656063
pyspark,2026-09-05,1316430
pyspark,2026-09-06,1266388
pyspark,2026-09-07,1519061
pyspark,2026-09-08,1769498
pyspark,2026-09-09,1706943
pyspark,2026-09-10,1734592
pyspark,2026-09-11,1672806
pyspark,2026-09-12,1308245
pyspark,2026-09-13,1260731
pyspark,2026-09-14,1635622
pyspark,2026-09-15,1775194
pyspark,2026-09-16,1725472
pyspark,2026-09-17,1719251
pyspark,2026-09-18,1677177
pyspark,2026-09-19,1292444
pyspark,2026-09-20,1298747
pyspark,2026-09-21,1687621
pyspark,2026-09-22,1780884
pyspark,2026-09-23,1739274
pyspark,2026-09-24,1734157
pyspark,2026-09-25,1670950
pyspark,2026-09-26,1300532
pyspark,2026-09-27,1303261
pyspark,2026-09-28,1698144
pyspark,2026-09-29,1860603
pyspark,2026-09-30,1826660
pyspark,2026-10-01,1811293
pytest,2026-04-06,18749545
pytest,2026-04-07,22654710
pytest,2026-04-08,23785188
pytest,2026-04-09,23938101
pytest,2026-04-10,23047615
pytest,2026-04-11,15879110
pytest,2026-04-12,16259957
pytest,2026-04-13,23509865
pytest,2026-04-14,25491130
pytest,2026-04-15,25192324
pytest,2026-04-16,24722567
pytest,2026-04-17,24386456
pytest,2026-04-18,18680128
pytest,2026-04-19,17412618
pytest,2026-04-20,26053987
pytest,2026-04-21,26766170
pytest,2026-04-22,27048386
pytest,2026-04-23,26685354
pytest,2026-04-24,27085242
pytest,2026-04-25,19022421
pytest,2026-04-26,18656397
pytest,2026-04-27,27137542
pytest,2026-04-28,27871406
pytest,2026-04-29,27065550
pytest,2026-04-30,25667193
pytest,2026-05-01,23734481
pytest,2026-05-02,19655649
pytest,2026-05-03,18700609
pytest,2026-05-04,24336576
pytest,2026-05-05,25690106
pytest,2026-05-06,26364764
pytest,2026-05-07,27192060
pytest,2026-05-08,25193367
pytest,2026-05-09,18529115
pytest,2026-05-10,17254468
pytest,2026-05-11,26593643
pytest,2026-05-12,28288583
pytest,2026-05-13,28691484
pytest,2026-05-14,28897208
pytest,2026-05-15,28185136
pytest,2026-05-16,20564740
pytest,2026-05-17,20420771
pytest,2026-05-18,28754096
pytest,2026-05-19,30673897
pytest,2026-05-20,32349037
pytest,2026-05-21,33229741
pytest,2026-05-22,31045569
pytest,2026-05-23,23422463
pytest,2026-05-24,24082144
pytest,2026-05-25,27448773
pytest,2026-05-26,30845002
pytest,2026-05-27,32436770
pytest,2026-05-28,35034169
pytest,2026-05-29,32498386
pytest,2026-05-30,23420447
pytest,2026-05-31,23487534
pytest,2026-06-01,32015191
pytest,2026-06-02,34273010
pytest,2026-06-03,34395808
pytest,2026-06-04,34295812
pytest,2026-06-05,34107226
pytest,2026-06-06,26709864
pytest,2026-06-07,26670527
pytest,2026-06-08,35511216
pytest,2026-06-09,36121088
pytest,2026-06-10,38233537
pytest,2026-06-11,35932575
pytest,2026-06-12,34294892
pytest,2026-06-13,25446670
pytest,2026-06-14,26388284
pytest,2026-06-15,37912066
pytest,2026-06-16,38450784
pytest,2026-06-17,38440790
pytest,2026-06-18,38562955
pytest,2026-06-19,36225052
pytest,2026-06-20,29084659
pytest,2026-06-21,27109614
pytest,2026-06-22,37667209
pytest,2026-06-23,38366935
pytest,2026-06-24,37451860
pytest,2026-06-25,36933552
pytest,2026-06-26,34502988
pytest,2026-06-27,25799629
pytest,2026-06-28,24716711
pytest,2026-06-29,34903752
pytest,2026-06-30,36246517
pytest,2026-07-01,37106858
pytest,2026-07-02,35720822
pytest,2026-07-03,32788710
pytest,2026-07-04,27646842
pytest,2026-07-05,25973230
pytest,2026-07-06,38702337
pytest,2026-07-07,39689023
pytest,2026-07-08,40550344
pytest,2026-07-09,37079587
pytest,2026-07-10,33534104
pytest,2026-07-11,24909560
pytest,2026-07-12,25277681
pytest,2026-07-13,38077502
pytest,2026-07-14,36531235
pytest,2026-07-15,37937934
pytest,2026-07-16,39687885
pytest,2026-07-17,35487659
pytest,2026-07-18,27657122
pytest,2026-07-19,26451813
pytest,2026-07-20,34845914
pytest,2026-07-21,36761355
pytest,2026-07-22,35415053
pytest,2026-07-23,37633877
pytest,2026-07-24,36296885
pytest,2026-07-25,26665938
pytest,2026-07-26,28863519
pytest,2026-07-27,39601115
pytest,2026-07-28,40068426
pytest,2026-07-29,42582097
pytest,2026-07-30,41622017
pytest,2026-07-31,39564174
pytest,2026-08-01,30903299
pytest,2026-08-02,31089525
pytest,2026-08-03,39573990
pytest,2026-08-04,42656718
pytest,2026-08-05,42254324
pytest,2026-08-06,38517842
pytest,2026-08-07,40524201
pytest,2026-08-08,29167499
pytest,2026-08-09,27757889
pytest,2026-08-10,35962147
pytest,2026-08-11,38259952
pytest,2026-08-12,39743198
pytest,2026-08-13,40821245
pytest,2026-08-14,38413557
pytest,2026-08-15,29356195
pytest,2026-08-16,27666006
pytest,2026-08-17,35560670
pytest,2026-08-18,37960284
pytest,2026-08-19,38188587
pytest,2026-08-20,37547322
pytest,2026-08-21,39767760
pytest,2026-08-22,28253542
pytest,2026-08-23,31092293
pytest,2026-08-24,36593642
pytest,2026-08-25,26339708
pytest,2026-08-26,26443016
pytest,2026-08-27,25989344
pytest,2026-08-28,25864096
pytest,2026-08-29,19760102
pytest,2026-08-30,19416884
pytest,2026-08-31,28679060
pytest,2026-09-01,29876176
pytest,2026-09-02,30011705
pytest,2026-09-03,28848392
pytest,2026-09-04,27358436
pytest,2026-09-05,20718033
pytest,2026-09-06,20625011
pytest,2026-09-07,25121387
pytest,2026-09-08,29797664
pytest,2026-09-09,28580367
pytest,2026-09-10,28179666
pytest,2026-09-11,26516030
pytest,2026-09-12,18170453
pytest,2026-09-13,17690531
pytest,2026-09-14,26735265
pytest,2026-09-15,28604913
pytest,2026-09-16,27249220
pytest,2026-09-17,27079077
pytest,2026-09-18,25360828
pytest,2026-09-19,18183241
pytest,2026-09-20,17948545
pytest,2026-09-21,26395971
pytest,2026-09-22,28833736
pytest,2026-09-23,30220390
pytest,2026-09-24,29775708
pytest,2026-09-25,27735206
pytest,2026-09-26,19147930
pytest,2026-09-27,20186917
pytest,2026-09-28,30034650
pytest,2026-09-29,29996737
pytest,2026-09-30,29855450
pytest,2026-10-01,29836397
pytest-asyncio,2026-04-06,5024786
pytest-asyncio,2026-04-07,5949382
pytest-asyncio,2026-04-08,6079691
pytest-asyncio,2026-04-09,6402184
pytest-asyncio,2026-04-10,6034496
pytest-asyncio,2026-04-11,3312712
pytest-asyncio,2026-04-12,3356905
pytest-asyncio,2026-04-13,6227168
pytest-asyncio,2026-04-14,6463026
pytest-asyncio,2026-04-15,6576359
pytest-asyncio,2026-04-16,7045203
pytest-asyncio,2026-04-17,6382301
pytest-asyncio,2026-04-18,3569563
pytest-asyncio,2026-04-19,3521791
pytest-asyncio,2026-04-20,6607799
pytest-asyncio,2026-04-21,6751416
pytest-asyncio,2026-04-22,7202141
pytest-asyncio,2026-04-23,6906999
pytest-asyncio,2026-04-24,6331317
pytest-asyncio,2026-04-25,3656008
pytest-asyncio,2026-04-26,3792889
pytest-asyncio,2026-04-27,6705330
pytest-asyncio,2026-04-28,6893456
pytest-asyncio,2026-04-29,7163221
pytest-asyncio,2026-04-30,6857944
pytest-asyncio,2026-05-01,5539934
pytest-asyncio,2026-05-02,3630626
pytest-asyncio,2026-05-03,3791489
pytest-asyncio,2026-05-04,6234540
pytest-asyncio,2026-05-05,6941885
pytest-asyncio,2026-05-06,6968672
pytest-asyncio,2026-05-07,7025862
pytest-asyncio,2026-05-08,6418498
pytest-asyncio,2026-05-09,3980390
pytest-asyncio,2026-05-10,3604849
pytest-asyncio,2026-05-11,7069547
pytest-asyncio,2026-05-12,7302210
pytest-asyncio,2026-05-13,7333783
pytest-asyncio,2026-05-14,7338222
pytest-asyncio,2026-05-15,6553057
pytest-asyncio,2026-05-16,4124056
pytest-asyncio,2026-05-17,4177441
pytest-asyncio,2026-05-18,7111629
pytest-asyncio,2026-05-19,7718505
pytest-asyncio,2026-05-20,7578003
pytest-asyncio,2026-05-21,7659650
pytest-asyncio,2026-05-22,7172996
pytest-asyncio,2026-05-23,4266581
pytest-asyncio,2026-05-24,4594052
pytest-asyncio,2026-05-25,5919288
pytest-asyncio,2026-05-26,7524259
pytest-asyncio,2026-05-27,8148396
pytest-asyncio,2026-05-28,8267670
pytest-asyncio,2026-05-29,7766576
pytest-asyncio,2026-05-30,4726209
pytest-asyncio,2026-05-31,4516411
pytest-asyncio,2026-06-01,7963324
pytest-asyncio,2026-06-02,8419838
pytest-asyncio,2026-06-03,8470017
pytest-asyncio,2026-06-04,8621553
pytest-asyncio,2026-06-05,8034212
pytest-asyncio,2026-06-06,4981169
pytest-asyncio,2026-06-07,5659341
pytest-asyncio,2026-06-08,8745257
pytest-asyncio,2026-06-09,9068324
pytest-asyncio,2026-06-10,10090607
pytest-asyncio,2026-06-11,9416897
pytest-asyncio,2026-06-12,8567159
pytest-asyncio,2026-06-13,5298990
pytest-asyncio,2026-06-14,5080252
pytest-asyncio,2026-06-15,8791306
pytest-asyncio,2026-06-16,9151511
pytest-asyncio,2026-06-17,8750953
pytest-asyncio,2026-06-18,8259978
pytest-asyncio,2026-06-19,6937192
pytest-asyncio,2026-06-20,5123540
pytest-asyncio,2026-06-21,4907835
pytest-asyncio,2026-06-22,9278901
pytest-asyncio,2026-06-23,8998979
pytest-asyncio,2026-06-24,8731974
pytest-asyncio,2026-06-25,8389761
pytest-asyncio,2026-06-26,7585441
pytest-asyncio,2026-06-27,4627456
pytest-asyncio,2026-06-28,4520039
pytest-asyncio,2026-06-29,8217659
pytest-asyncio,2026-06-30,8677208
pytest-asyncio,2026-07-01,9227586
pytest-asyncio,2026-07-02,9301207
pytest-asyncio,2026-07-03,8052141
pytest-asyncio,2026-07-04,5418402
pytest-asyncio,2026-07-05,5135013
pytest-asyncio,2026-07-06,8624440
pytest-asyncio,2026-07-07,9837764
pytest-asyncio,2026-07-08,9208694
pytest-asyncio,2026-07-09,9315000
pytest-asyncio,2026-07-10,8485143
pytest-asyncio,2026-07-11,5501710
pytest-asyncio,2026-07-12,5534475
pytest-asyncio,2026-07-13,9325644
pytest-asyncio,2026-07-14,9420830
pytest-asyncio,2026-07-15,9775864
pytest-asyncio,2026-07-16,10646308
pytest-asyncio,2026-07-17,10299081
pytest-asyncio,2026-07-18,6221821
pytest-asyncio,2026-07-19,5972339
pytest-asyncio,2026-07-20,9598900
pytest-asyncio,2026-07-21,10127963
pytest-asyncio,2026-07-22,10095650
pytest-asyncio,2026-07-23,10470011
pytest-asyncio,2026-07-24,9596991
pytest-asyncio,2026-07-25,5967379
pytest-asyncio,2026-07-26,5829956
pytest-asyncio,2026-07-27,10066564
pytest-asyncio,2026-07-28,11132201
pytest-asyncio,2026-07-29,11871276
pytest-asyncio,2026-07-30,11914591
pytest-asyncio,2026-07-31,10541132
pytest-asyncio,2026-08-01,6688567
pytest-asyncio,2026-08-02,7143648
pytest-asyncio,2026-08-03,11906701
pytest-asyncio,2026-08-04,12622557
pytest-asyncio,2026-08-05,12331002
pytest-asyncio,2026-08-06,10246584
pytest-asyncio,2026-08-07,11724032
pytest-asyncio,2026-08-08,8006564
pytest-asyncio,2026-08-09,7799404
pytest-asyncio,2026-08-10,11194753
pytest-asyncio,2026-08-11,11934617
pytest-asyncio,2026-08-12,12013393
pytest-asyncio,2026-08-13,11295654
pytest-asyncio,2026-08-14,10727611
pytest-asyncio,2026-08-15,7047431
pytest-asyncio,2026-08-16,6945153
pytest-asyncio,2026-08-17,10721155
pytest-asyncio,2026-08-18,11008706
pytest-asyncio,2026-08-19,10825546
pytest-asyncio,2026-08-20,11039886
pytest-asyncio,2026-08-21,10960835
pytest-asyncio,2026-08-22,7166017
pytest-asyncio,2026-08-23,7233266
pytest-asyncio,2026-08-24,10128635
pytest-asyncio,2026-08-25,7899845
pytest-asyncio,2026-08-26,7681870
pytest-asyncio,2026-08-27,7706412
pytest-asyncio,2026-08-28,6891101
pytest-asyncio,2026-08-29,4354469
pytest-asyncio,2026-08-30,4388279
pytest-asyncio,2026-08-31,7337928
pytest-asyncio,2026-09-01,8342788
pytest-asyncio,2026-09-02,8442118
pytest-asyncio,2026-09-03,8186064
pytest-asyncio,2026-09-04,7494117
pytest-asyncio,2026-09-05,4768252
pytest-asyncio,2026-09-06,5000576
pytest-asyncio,2026-09-07,7016840
pytest-asyncio,2026-09-08,8905454
pytest-asyncio,2026-09-09,8722028
pytest-asyncio,2026-09-10,8576033
pytest-asyncio,2026-09-11,7671982
pytest-asyncio,2026-09-12,4509455
pytest-asyncio,2026-09-13,4479703
pytest-asyncio,2026-09-14,7993878
pytest-asyncio,2026-09-15,8477696
pytest-asyncio,2026-09-16,8467872
pytest-asyncio,2026-09-17,8265282
pytest-asyncio,2026-09-18,7753652
pytest-asyncio,2026-09-19,4734757
pytest-asyncio,2026-09-20,4474070
pytest-asyncio,2026-09-21,7798132
pytest-asyncio,2026-09-22,8513507
pytest-asyncio,2026-09-23,9117467
pytest-asyncio,2026-09-24,9208516
pytest-asyncio,2026-09-25,8291113
pytest-asyncio,2026-09-26,5018512
pytest-asyncio,2026-09-27,5284396
pytest-asyncio,2026-09-28,8797836
pytest-asyncio,2026-09-29,9600695
pytest-asyncio,2026-09-30,9571511
pytest-asyncio,2026-10-01,9743916
redis,2026-04-06,6288640
redis,2026-04-07,7168397
redis,2026-04-08,8498254
redis,2026-04-09,8444595
redis,2026-04-10,7113198
redis,2026-04-11,4979807
redis,2026-04-12,6891425
redis,2026-04-13,9703153
redis,2026-04-14,9494415
redis,2026-04-15,8566044
redis,2026-04-16,7837475
redis,2026-04-17,9204472
redis,2026-04-18,6711733
redis,2026-04-19,6945608
redis,2026-04-20,10072492
redis,2026-04-21,9663573
redis,2026-04-22,10294241
redis,2026-04-23,9341630
redis,2026-04-24,8501909
redis,2026-04-25,5110821
redis,2026-04-26,4550652
redis,2026-04-27,7437784
redis,2026-04-28,7703563
redis,2026-04-29,7799594
redis,2026-04-30,7605374
redis,2026-05-01,6139412
redis,2026-05-02,4259017
redis,2026-05-03,4325681
redis,2026-05-04,7220492
redis,2026-05-05,7838401
redis,2026-05-06,7831069
redis,2026-05-07,8311879
redis,2026-05-08,7740640
redis,2026-05-09,6878239
redis,2026-05-10,7054418
redis,2026-05-11,10975952
redis,2026-05-12,11498252
redis,2026-05-13,11654954
redis,2026-05-14,11553661
redis,2026-05-15,10103377
redis,2026-05-16,7287987
redis,2026-05-17,7401577
redis,2026-05-18,9559980
redis,2026-05-19,8566170
redis,2026-05-20,9030397
redis,2026-05-21,9029710
redis,2026-05-22,8073119
redis,2026-05-23,4889461
redis,2026-05-24,4853705
redis,2026-05-25,6542143
redis,2026-05-26,7937584
redis,2026-05-27,8261482
redis,2026-05-28,9297514
redis,2026-05-29,9195847
redis,2026-05-30,5124772
redis,2026-05-31,5010050
redis,2026-06-01,8515583
redis,2026-06-02,9105234
redis,2026-06-03,8981872
redis,2026-06-04,8957454
redis,2026-06-05,8324749
redis,2026-06-06,5623435
redis,2026-06-07,5969308
redis,2026-06-08,9672271
redis,2026-06-09,10126182
redis,2026-06-10,10119436
redis,2026-06-11,10185843
redis,2026-06-12,8717078
redis,2026-06-13,5493094
redis,2026-06-14,5349862
redis,2026-06-15,9387358
redis,2026-06-16,10225761
redis,2026-06-17,10233796
redis,2026-06-18,9729153
redis,2026-06-19,8067451
redis,2026-06-20,5683976
redis,2026-06-21,5355541
redis,2026-06-22,9195270
redis,2026-06-23,9713787
redis,2026-06-24,10034402
redis,2026-06-25,9141282
redis,2026-06-26,8276713
redis,2026-06-27,5036716
redis,2026-06-28,5667665
redis,2026-06-29,8864179
redis,2026-06-30,9651454
redis,2026-07-01,9285119
redis,2026-07-02,9262493
redis,2026-07-03,7688709
redis,2026-07-04,5442229
redis,2026-07-05,5419669
redis,2026-07-06,8867173
redis,2026-07-07,9831125
redis,2026-07-08,10442637
redis,2026-07-09,9745780
redis,2026-07-10,9354594
redis,2026-07-11,5804042
redis,2026-07-12,6003496
redis,2026-07-13,9340306
redis,2026-07-14,9993451
redis,2026-07-15,9838038
redis,2026-07-16,9935493
redis,2026-07-17,9295447
redis,2026-07-18,5744614
redis,2026-07-19,5736483
redis,2026-07-20,9545878
redis,2026-07-21,10219556
redis,2026-07-22,10176697
redis,2026-07-23,10019551
redis,2026-07-24,9732910
redis,2026-07-25,5510690
redis,2026-07-26,5796956
redis,2026-07-27,10025481
redis,2026-07-28,10550393
redis,2026-07-29,9891933
redis,2026-07-30,10294879
redis,2026-07-31,9503657
redis,2026-08-01,6443913
redis,2026-08-02,6974837
redis,2026-08-03,10509004
redis,2026-08-04,10933610
redis,2026-08-05,10985557
redis,2026-08-06,9330773
redis,2026-08-07,10592328
redis,2026-08-08,6654590
redis,2026-08-09,6599498
redis,2026-08-10,10561116
redis,2026-08-11,11016898
redis,2026-08-12,10500652
redis,2026-08-13,10425020
redis,2026-08-14,9783763
redis,2026-08-15,5842345
redis,2026-08-16,6080701
redis,2026-08-17,9624739
redis,2026-08-18,10227432
redis,2026-08-19,9934161
redis,2026-08-20,10109805
redis,2026-08-21,9375911
redis,2026-08-22,5751438
redis,2026-08-23,5799428
redis,2026-08-24,8879122
redis,2026-08-25,7098058
redis,2026-08-26,7064848
redis,2026-08-27,7014935
redis,2026-08-28,6241036
redis,2026-08-29,3613605
redis,2026-08-30,3633645
redis,2026-08-31,6627945
redis,2026-09-01,7556995
redis,2026-09-02,7655576
redis,2026-09-03,7661118
redis,2026-09-04,6988394
redis,2026-09-05,4184040
redis,2026-09-06,4076523
redis,2026-09-07,6066508
redis,2026-09-08,8114164
redis,2026-09-09,7845623
redis,2026-09-10,7895713
redis,2026-09-11,7234416
redis,2026-09-12,4032156
redis,2026-09-13,3821908
redis,2026-09-14,7248053
redis,2026-09-15,7883322
redis,2026-09-16,7794295
redis,2026-09-17,7555727
redis,2026-09-18,7071435
redis,2026-09-19,4132261
redis,2026-09-20,3872367
redis,2026-09-21,7230356
redis,2026-09-22,7920130
redis,2026-09-23,8093228
redis,2026-09-24,8068644
redis,2026-09-25,7204761
redis,2026-09-26,4221794
redis,2026-09-27,4449192
redis,2026-09-28,7953059
redis,2026-09-29,8830917
redis,2026-09-30,8669915
redis,2026-10-01,8662518
requests,2026-04-06,44951259
requests,2026-04-07,51962134
requests,2026-04-08,54295434
requests,2026-04-09,52994031
requests,2026-04-10,50412295
requests,2026-04-11,35263957
requests,2026-04-12,36786187
requests,2026-04-13,53590678
requests,2026-04-14,55152789
requests,2026-04-15,56658139
requests,2026-04-16,66135351
requests,2026-04-17,52969887
requests,2026-04-18,37224523
requests,2026-04-19,36654441
requests,2026-04-20,56453986
requests,2026-04-21,55951834
requests,2026-04-22,56448761
requests,2026-04-23,56392370
requests,2026-04-24,54402501
requests,2026-04-25,37333012
requests,2026-04-26,37763522
requests,2026-04-27,52945083
requests,2026-04-28,55648493
requests,2026-04-29,55457167
requests,2026-04-30,54362448
requests,2026-05-01,46593253
requests,2026-05-02,36404575
requests,2026-05-03,35093446
requests,2026-05-04,49809616
requests,2026-05-05,55148215
requests,2026-05-06,56878303
requests,2026-05-07,57870356
requests,2026-05-08,52751217
requests,2026-05-09,39342815
requests,2026-05-10,37632785
requests,2026-05-11,58963703
requests,2026-05-12,64191630
requests,2026-05-13,61920814
requests,2026-05-14,61120946
requests,2026-05-15,57961455
requests,2026-05-16,41320667
requests,2026-05-17,41659961
requests,2026-05-18,59418023
requests,2026-05-19,62083507
requests,2026-05-20,61546528
requests,2026-05-21,63123361
requests,2026-05-22,57666405
requests,2026-05-23,40837194
requests,2026-05-24,41758740
requests,2026-05-25,51802211
requests,2026-05-26,56984444
requests,2026-05-27,59213128
requests,2026-05-28,58828468
requests,2026-05-29,56140051
requests,2026-05-30,39212546
requests,2026-05-31,37648190
requests,2026-06-01,55389898
requests,2026-06-02,59776323
requests,2026-06-03,61279504
requests,2026-06-04,61886081
requests,2026-06-05,58313380
requests,2026-06-06,41038616
requests,2026-06-07,39656021
requests,2026-06-08,59493148
requests,2026-06-09,61371554
requests,2026-06-10,64440966
requests,2026-06-11,63643270
requests,2026-06-12,58706361
requests,2026-06-13,39999632
requests,2026-06-14,40561596
requests,2026-06-15,61233890
requests,2026-06-16,62301840
requests,2026-06-17,61416347
requests,2026-06-18,59299230
requests,2026-06-19,53696792
requests,2026-06-20,41137308
requests,2026-06-21,40176170
requests,2026-06-22,60031873
requests,2026-06-23,61655781
requests,2026-06-24,61508585
requests,2026-06-25,60352351
requests,2026-06-26,56708184
requests,2026-06-27,39431061
requests,2026-06-28,40034286
requests,2026-06-29,60664677
requests,2026-06-30,61907177
requests,2026-07-01,64182595
requests,2026-07-02,60968470
requests,2026-07-03,53173749
requests,2026-07-04,41657163
requests,2026-07-05,42076930
requests,2026-07-06,61438250
requests,2026-07-07,64258020
requests,2026-07-08,61207634
requests,2026-07-09,60146317
requests,2026-07-10,57686091
requests,2026-07-11,39650889
requests,2026-07-12,39804497
requests,2026-07-13,60056580
requests,2026-07-14,62109277
requests,2026-07-15,62877670
requests,2026-07-16,63099850
requests,2026-07-17,59734772
requests,2026-07-18,40452717
requests,2026-07-19,39372689
requests,2026-07-20,59473349
requests,2026-07-21,63035687
requests,2026-07-22,63887474
requests,2026-07-23,63803774
requests,2026-07-24,60008967
requests,2026-07-25,41255326
requests,2026-07-26,41643382
requests,2026-07-27,63296513
requests,2026-07-28,65111252
requests,2026-07-29,66301268
requests,2026-07-30,65981138
requests,2026-07-31,63131025
requests,2026-08-01,45640678
requests,2026-08-02,45350951
requests,2026-08-03,65514527
requests,2026-08-04,68543806
requests,2026-08-05,69247393
requests,2026-08-06,63397441
requests,2026-08-07,68067305
requests,2026-08-08,47943472
requests,2026-08-09,46261377
requests,2026-08-10,64450094
requests,2026-08-11,67796405
requests,2026-08-12,69030427
requests,2026-08-13,67841412
requests,2026-08-14,65526659
requests,2026-08-15,47880532
requests,2026-08-16,47301828
requests,2026-08-17,65492437
requests,2026-08-18,68715912
requests,2026-08-19,67509820
requests,2026-08-20,66409259
requests,2026-08-21,65738050
requests,2026-08-22,46478126
requests,2026-08-23,47693317
requests,2026-08-24,59983393
requests,2026-08-25,42760091
requests,2026-08-26,42186114
requests,2026-08-27,40467638
requests,2026-08-28,37778309
requests,2026-08-29,26954885
requests,2026-08-30,26366967
requests,2026-08-31,40110552
requests,2026-09-01,44230687
requests,2026-09-02,43596971
requests,2026-09-03,43536940
requests,2026-09-04,40358182
requests,2026-09-05,29062376
requests,2026-09-06,27982200
requests,2026-09-07,37205284
requests,2026-09-08,45699557
requests,2026-09-09,44348267
requests,2026-09-10,44707096
requests,2026-09-11,42125636
requests,2026-09-12,28208892
requests,2026-09-13,26938808
requests,2026-09-14,42029309
requests,2026-09-15,45227763
requests,2026-09-16,44162501
requests,2026-09-17,44367222
requests,2026-09-18,43362554
requests,2026-09-19,29303825
requests,2026-09-20,27389745
requests,2026-09-21,42460092
requests,2026-09-22,45037324
requests,2026-09-23,46167343
requests,2026-09-24,46388715
requests,2026-09-25,42423222
requests,2026-09-26,29116594
requests,2026-09-27,29996077
requests,2026-09-28,45392792
requests,2026-09-29,49349406
requests,2026-09-30,49362057
requests,2026-10-01,49186776
rich,2026-04-06,14861178
rich,2026-04-07,17834841
rich,2026-04-08,19137003
rich,2026-04-09,17898018
rich,2026-04-10,17254724
rich,2026-04-11,13097342
rich,2026-04-12,14360791
rich,2026-04-13,20042822
rich,2026-04-14,22249528
rich,2026-04-15,22336963
rich,2026-04-16,21142303
rich,2026-04-17,19751744
rich,2026-04-18,13101667
rich,2026-04-19,12475610
rich,2026-04-20,20816128
rich,2026-04-21,21785420
rich,2026-04-22,20966518
rich,2026-04-23,22450186
rich,2026-04-24,22567104
rich,2026-04-25,15409416
rich,2026-04-26,16128405
rich,2026-04-27,21114564
rich,2026-04-28,22080501
rich,2026-04-29,22252008
rich,2026-04-30,21897493
rich,2026-05-01,19294434
rich,2026-05-02,15504027
rich,2026-05-03,13715547
rich,2026-05-04,19223181
rich,2026-05-05,22619700
rich,2026-05-06,23263995
rich,2026-05-07,23493462
rich,2026-05-08,19999844
rich,2026-05-09,14374223
rich,2026-05-10,12965382
rich,2026-05-11,21497639
rich,2026-05-12,22194784
rich,2026-05-13,20987006
rich,2026-05-14,20851365
rich,2026-05-15,19844870
rich,2026-05-16,14834826
rich,2026-05-17,15012287
rich,2026-05-18,22400035
rich,2026-05-19,24254115
rich,2026-05-20,23774743
rich,2026-05-21,23239979
rich,2026-05-22,21014694
rich,2026-05-23,14639514
rich,2026-05-24,14485065
rich,2026-05-25,18248723
rich,2026-05-26,19974687
rich,2026-05-27,21741517
rich,2026-05-28,22678837
rich,2026-05-29,21660125
rich,2026-05-30,14872819
rich,2026-05-31,13930954
rich,2026-06-01,20525914
rich,2026-06-02,23495069
rich,2026-06-03,24812170
rich,2026-06-04,25449562
rich,2026-06-05,23276374
rich,2026-06-06,16101334
rich,2026-06-07,15065470
rich,2026-06-08,22695633
rich,2026-06-09,23047679
rich,2026-06-10,25364209
rich,2026-06-11,23731694
rich,2026-06-12,21624560
rich,2026-06-13,14023777
rich,2026-06-14,14937550
rich,2026-06-15,22803874
rich,2026-06-16,23742088
rich,2026-06-17,22844051
rich,2026-06-18,21635885
rich,2026-06-19,19566919
rich,2026-06-20,14688432
rich,2026-06-21,14294621
rich,2026-06-22,22303176
rich,2026-06-23,23009262
rich,2026-06-24,23534247
rich,2026-06-25,22183433
rich,2026-06-26,20670939
rich,2026-06-27,14183779
rich,2026-06-28,14658505
rich,2026-06-29,22218990
rich,2026-06-30,22872570
rich,2026-07-01,24441971
rich,2026-07-02,22405345
rich,2026-07-03,18180696
rich,2026-07-04,12929467
rich,2026-07-05,12434075
rich,2026-07-06,20214966
rich,2026-07-07,21957970
rich,2026-07-08,21339920
rich,2026-07-09,20751063
rich,2026-07-10,20014067
rich,2026-07-11,13433797
rich,2026-07-12,13774047
rich,2026-07-13,20822373
rich,2026-07-14,22044000
rich,2026-07-15,22453054
rich,2026-07-16,22641803
rich,2026-07-17,21576375
rich,2026-07-18,13668075
rich,2026-07-19,13212786
rich,2026-07-20,21122349
rich,2026-07-21,22389277
rich,2026-07-22,22425197
rich,2026-07-23,22401786
rich,2026-07-24,21090542
rich,2026-07-25,13524301
rich,2026-07-26,14148428
rich,2026-07-27,22311733
rich,2026-07-28,24351330
rich,2026-07-29,24429039
rich,2026-07-30,24472303
rich,2026-07-31,22767051
rich,2026-08-01,17044442
rich,2026-08-02,16140633
rich,2026-08-03,23994422
rich,2026-08-04,26199984
rich,2026-08-05,26412806
rich,2026-08-06,24331019
rich,2026-08-07,25566501
rich,2026-08-08,16601717
rich,2026-08-09,15843801
rich,2026-08-10,23517853
rich,2026-08-11,24434148
rich,2026-08-12,24368764
rich,2026-08-13,23956627
rich,2026-08-14,22483432
rich,2026-08-15,14902754
rich,2026-08-16,15122621
rich,2026-08-17,22549499
rich,2026-08-18,24152528
rich,2026-08-19,23465361
rich,2026-08-20,23320220
rich,2026-08-21,23116935
rich,2026-08-22,14717258
rich,2026-08-23,15170319
rich,2026-08-24,20661882
rich,2026-08-25,15815795
rich,2026-08-26,15667615
rich,2026-08-27,15200770
rich,2026-08-28,13958102
rich,2026-08-29,8942183
rich,2026-08-30,8820283
rich,2026-08-31,14662585
rich,2026-09-01,16658357
rich,2026-09-02,16520295
rich,2026-09-03,17084104
rich,2026-09-04,15532698
rich,2026-09-05,10128087
rich,2026-09-06,9848598
rich,2026-09-07,13775367
rich,2026-09-08,17617453
rich,2026-09-09,17295367
rich,2026-09-10,17456385
rich,2026-09-11,16277561
rich,2026-09-12,9743500
rich,2026-09-13,9179528
rich,2026-09-14,15843524
rich,2026-09-15,17007960
rich,2026-09-16,16721574
rich,2026-09-17,17002351
rich,2026-09-18,16678280
rich,2026-09-19,10355662
rich,2026-09-20,9463531
rich,2026-09-21,15697263
rich,2026-09-22,16698267
rich,2026-09-23,17425322
rich,2026-09-24,17838122
rich,2026-09-25,16239562
rich,2026-09-26,10408575
rich,2026-09-27,10803572
rich,2026-09-28,17476247
rich,2026-09-29,19063023
rich,2026-09-30,18969649
rich,2026-10-01,19230494
scipy,2026-04-06,11166813
scipy,2026-04-07,13028287
scipy,2026-04-08,12712969
scipy,2026-04-09,13057505
scipy,2026-04-10,12788425
scipy,2026-04-11,9136166
scipy,2026-04-12,9080778
scipy,2026-04-13,12736413
scipy,2026-04-14,14103513
scipy,2026-04-15,14177721
scipy,2026-04-16,13298728
scipy,2026-04-17,13233120
scipy,2026-04-18,9790343
scipy,2026-04-19,9459712
scipy,2026-04-20,13408663
scipy,2026-04-21,13522041
scipy,2026-04-22,14205135
scipy,2026-04-23,14100566
scipy,2026-04-24,13592589
scipy,2026-04-25,10802303
scipy,2026-04-26,10745270
scipy,2026-04-27,13505815
scipy,2026-04-28,14140680
scipy,2026-04-29,14101755
scipy,2026-04-30,13934747
scipy,2026-05-01,12368356
scipy,2026-05-02,9674486
scipy,2026-05-03,9781592
scipy,2026-05-04,12359618
scipy,2026-05-05,13583476
scipy,2026-05-06,13582876
scipy,2026-05-07,13244593
scipy,2026-05-08,13309508
scipy,2026-05-09,9532162
scipy,2026-05-10,9462982
scipy,2026-05-11,13390555
scipy,2026-05-12,13688978
scipy,2026-05-13,13270909
scipy,2026-05-14,13363794
scipy,2026-05-15,13645564
scipy,2026-05-16,9651122
scipy,2026-05-17,9599384
scipy,2026-05-18,13314192
scipy,2026-05-19,14598047
scipy,2026-05-20,14378365
scipy,2026-05-21,15337820
scipy,2026-05-22,14159201
scipy,2026-05-23,10184164
scipy,2026-05-24,10745682
scipy,2026-05-25,12315925
scipy,2026-05-26,13167177
scipy,2026-05-27,13991744
scipy,2026-05-28,14460575
scipy,2026-05-29,13811651
scipy,2026-05-30,10680071
scipy,2026-05-31,9919865
scipy,2026-06-01,13940917
scipy,2026-06-02,14494729
scipy,2026-06-03,14393449
scipy,2026-06-04,14643590
scipy,2026-06-05,14246633
scipy,2026-06-06,10930274
scipy,2026-06-07,10610886
scipy,2026-06-08,14127269
scipy,2026-06-09,15056741
scipy,2026-06-10,14976789
scipy,2026-06-11,15777202
scipy,2026-06-12,14784637
scipy,2026-06-13,11177738
scipy,2026-06-14,10921629
scipy,2026-06-15,15080417
scipy,2026-06-16,15393478
scipy,2026-06-17,15250546
scipy,2026-06-18,14792237
scipy,2026-06-19,14148826
scipy,2026-06-20,11917054
scipy,2026-06-21,11568161
scipy,2026-06-22,15401590
scipy,2026-06-23,15934569
scipy,2026-06-24,15462837
scipy,2026-06-25,15509219
scipy,2026-06-26,14850619
scipy,2026-06-27,11556605
scipy,2026-06-28,11732846
scipy,2026-06-29,16708826
scipy,2026-06-30,15926358
scipy,2026-07-01,15860853
scipy,2026-07-02,16125856
scipy,2026-07-03,13992466
scipy,2026-07-04,11595479
scipy,2026-07-05,11169015
scipy,2026-07-06,15333252
scipy,2026-07-07,16337507
scipy,2026-07-08,15172279
scipy,2026-07-09,15095369
scipy,2026-07-10,14797142
scipy,2026-07-11,10970899
scipy,2026-07-12,10641672
scipy,2026-07-13,15251331
scipy,2026-07-14,15555845
scipy,2026-07-15,14945699
scipy,2026-07-16,15071747
scipy,2026-07-17,14208763
scipy,2026-07-18,10635269
scipy,2026-07-19,10155292
scipy,2026-07-20,14140638
scipy,2026-07-21,15393870
scipy,2026-07-22,15413012
scipy,2026-07-23,15769343
scipy,2026-07-24,14534377
scipy,2026-07-25,10776830
scipy,2026-07-26,10753975
scipy,2026-07-27,15515896
scipy,2026-07-28,17837200
scipy,2026-07-29,16918950
scipy,2026-07-30,16027079
scipy,2026-07-31,15608114
scipy,2026-08-01,12087624
scipy,2026-08-02,11726471
scipy,2026-08-03,15513465
scipy,2026-08-04,16008061
scipy,2026-08-05,16240595
scipy,2026-08-06,14869006
scipy,2026-08-07,16067509
scipy,2026-08-08,11851711
scipy,2026-08-09,11224819
scipy,2026-08-10,15202904
scipy,2026-08-11,15953766
scipy,2026-08-12,15880270
scipy,2026-08-13,15995205
scipy,2026-08-14,15552588
scipy,2026-08-15,11857177
scipy,2026-08-16,11292905
scipy,2026-08-17,15038588
scipy,2026-08-18,15633749
scipy,2026-08-19,15312321
scipy,2026-08-20,15106094
scipy,2026-08-21,14977800
scipy,2026-08-22,11692620
scipy,2026-08-23,11871033
scipy,2026-08-24,14327875
scipy,2026-08-25,10429571
scipy,2026-08-26,10078267
scipy,2026-08-27,9906692
scipy,2026-08-28,9313689
scipy,2026-08-29,6608587
scipy,2026-08-30,6597169
scipy,2026-08-31,9730558
scipy,2026-09-01,10608992
scipy,2026-09-02,10574971
scipy,2026-09-03,10799800
scipy,2026-09-04,10110623
scipy,2026-09-05,7550995
scipy,2026-09-06,7390794
scipy,2026-09-07,9018782
scipy,2026-09-08,10987531
scipy,2026-09-09,10638619
scipy,2026-09-10,10603907
scipy,2026-09-11,10129262
scipy,2026-09-12,6869461
scipy,2026-09-13,6688044
scipy,2026-09-14,10016369
scipy,2026-09-15,10759539
scipy,2026-09-16,10857924
scipy,2026-09-17,10956268
scipy,2026-09-18,10541378
scipy,2026-09-19,7792920
scipy,2026-09-20,7079335
scipy,2026-09-21,10063627
scipy,2026-09-22,10856736
scipy,2026-09-23,11267141
scipy,2026-09-24,11446896
scipy,2026-09-25,10509632
scipy,2026-09-26,7286855
scipy,2026-09-27,7515812
scipy,2026-09-28,11065567
scipy,2026-09-29,11936506
scipy,2026-09-30,11518023
scipy,2026-10-01,11422155
seaborn,2026-04-06,1508171
seaborn,2026-04-07,2019468
seaborn,2026-04-08,1670445
seaborn,2026-04-09,1720213
seaborn,2026-04-10,1537561
seaborn,2026-04-11,1048224
seaborn,2026-04-12,1074345
seaborn,2026-04-13,1847976
seaborn,2026-04-14,2316223
seaborn,2026-04-15,1905595
seaborn,2026-04-16,1598373
seaborn,2026-04-17,1600391
seaborn,2026-04-18,1236233
seaborn,2026-04-19,1106181
seaborn,2026-04-20,1605458
seaborn,2026-04-21,1753996
seaborn,2026-04-22,2048139
seaborn,2026-04-23,2424463
seaborn,2026-04-24,2795653
seaborn,2026-04-25,2386799
seaborn,2026-04-26,2476793
seaborn,2026-04-27,2511403
seaborn,2026-04-28,2649354
seaborn,2026-04-29,2032486
seaborn,2026-04-30,1784611
seaborn,2026-05-01,1537579
seaborn,2026-05-02,996065
seaborn,2026-05-03,1165156
seaborn,2026-05-04,1795699
seaborn,2026-05-05,2050143
seaborn,2026-05-06,1749560
seaborn,2026-05-07,1536872
seaborn,2026-05-08,1385863
seaborn,2026-05-09,989116
seaborn,2026-05-10,905901
seaborn,2026-05-11,1484606
seaborn,2026-05-12,1564646
seaborn,2026-05-13,1469039
seaborn,2026-05-14,1433382
seaborn,2026-05-15,1698076
seaborn,2026-05-16,873190
seaborn,2026-05-17,838804
seaborn,2026-05-18,1410488
seaborn,2026-05-19,1551350
seaborn,2026-05-20,1555720
seaborn,2026-05-21,1522390
seaborn,2026-05-22,1411102
seaborn,2026-05-23,899138
seaborn,2026-05-24,859083
seaborn,2026-05-25,1119386
seaborn,2026-05-26,1423948
seaborn,2026-05-27,1468667
seaborn,2026-05-28,1475508
seaborn,2026-05-29,1411322
seaborn,2026-05-30,886752
seaborn,2026-05-31,865134
seaborn,2026-06-01,1390430
seaborn,2026-06-02,1491697
seaborn,2026-06-03,1452041
seaborn,2026-06-04,1448568
seaborn,2026-06-05,1359036
seaborn,2026-06-06,846607
seaborn,2026-06-07,802470
seaborn,2026-06-08,1368709
seaborn,2026-06-09,1477938
seaborn,2026-06-10,1473732
seaborn,2026-06-11,1477449
seaborn,2026-06-12,1353262
seaborn,2026-06-13,859115
seaborn,2026-06-14,832075
seaborn,2026-06-15,1486972
seaborn,2026-06-16,1495384
seaborn,2026-06-17,1511796
seaborn,2026-06-18,1447747
seaborn,2026-06-19,1261251
seaborn,2026-06-20,951036
seaborn,2026-06-21,884867
seaborn,2026-06-22,1445123
seaborn,2026-06-23,1544787
seaborn,2026-06-24,1426411
seaborn,2026-06-25,1400508
seaborn,2026-06-26,1300046
seaborn,2026-06-27,848261
seaborn,2026-06-28,785680
seaborn,2026-06-29,1348840
seaborn,2026-06-30,1414041
seaborn,2026-07-01,1415617
seaborn,2026-07-02,1386920
seaborn,2026-07-03,1151030
seaborn,2026-07-04,831420
seaborn,2026-07-05,828870
seaborn,2026-07-06,1383307
seaborn,2026-07-07,1510663
seaborn,2026-07-08,1454686
seaborn,2026-07-09,1401674
seaborn,2026-07-10,1441664
seaborn,2026-07-11,962999
seaborn,2026-07-12,959741
seaborn,2026-07-13,1612318
seaborn,2026-07-14,1737315
seaborn,2026-07-15,1616864
seaborn,2026-07-16,1541712
seaborn,2026-07-17,1405400
seaborn,2026-07-18,894257
seaborn,2026-07-19,896026
seaborn,2026-07-20,1473194
seaborn,2026-07-21,1638562
seaborn,2026-07-22,1485710
seaborn,2026-07-23,1498127
seaborn,2026-07-24,1428713
seaborn,2026-07-25,947538
seaborn,2026-07-26,929607
seaborn,2026-07-27,1523194
seaborn,2026-07-28,1465398
seaborn,2026-07-29,1386416
seaborn,2026-07-30,1337368
seaborn,2026-07-31,1270167
seaborn,2026-08-01,843024
seaborn,2026-08-02,761668
seaborn,2026-08-03,1331464
seaborn,2026-08-04,1414869
seaborn,2026-08-05,1417907
seaborn,2026-08-06,1243809
seaborn,2026-08-07,1350693
seaborn,2026-08-08,847794
seaborn,2026-08-09,811154
seaborn,2026-08-10,1262383
seaborn,2026-08-11,1375256
seaborn,2026-08-12,1381302
seaborn,2026-08-13,1383724
seaborn,2026-08-14,1298115
seaborn,2026-08-15,829603
seaborn,2026-08-16,812264
seaborn,2026-08-17,1271149
seaborn,2026-08-18,1403860
seaborn,2026-08-19,1303541
seaborn,2026-08-20,1328748
seaborn,2026-08-21,1323027
seaborn,2026-08-22,846515
seaborn,2026-08-23,788726
seaborn,2026-08-24,1309577
seaborn,2026-08-25,1040760
seaborn,2026-08-26,997207
seaborn,2026-08-27,958177
seaborn,2026-08-28,860512
seaborn,2026-08-29,563035
seaborn,2026-08-30,561451
seaborn,2026-08-31,921620
seaborn,2026-09-01,1061581
seaborn,2026-09-02,1019675
seaborn,2026-09-03,1006288
seaborn,2026-09-04,941082
seaborn,2026-09-05,574098
seaborn,2026-09-06,537304
seaborn,2026-09-07,779836
seaborn,2026-09-08,1074962
seaborn,2026-09-09,1067791
seaborn,2026-09-10,1061816
seaborn,2026-09-11,944899
seaborn,2026-09-12,570405
seaborn,2026-09-13,539497
seaborn,2026-09-14,951170
seaborn,2026-09-15,1117268
seaborn,2026-09-16,1070836
seaborn,2026-09-17,1068741
seaborn,2026-09-18,971793
seaborn,2026-09-19,588110
seaborn,2026-09-20,536290
seaborn,2026-09-21,925689
seaborn,2026-09-22,1021916
seaborn,2026-09-23,1035312
seaborn,2026-09-24,1036015
seaborn,2026-09-25,929855
seaborn,2026-09-26,569923
seaborn,2026-09-27,579029
seaborn,2026-09-28,1017261
seaborn,2026-09-29,1158751
seaborn,2026-09-30,1158434
seaborn,2026-10-01,1118446
selenium,2026-04-06,1806982
selenium,2026-04-07,1924721
selenium,2026-04-08,1998333
selenium,2026-04-09,1997691
selenium,2026-04-10,1953023
selenium,2026-04-11,1200262
selenium,2026-04-12,1326326
selenium,2026-04-13,1941731
selenium,2026-04-14,1969432
selenium,2026-04-15,2002320
selenium,2026-04-16,2019454
selenium,2026-04-17,1911427
selenium,2026-04-18,1330239
selenium,2026-04-19,1670678
selenium,2026-04-20,2211178
selenium,2026-04-21,2127390
selenium,2026-04-22,2343152
selenium,2026-04-23,2172867
selenium,2026-04-24,2057852
selenium,2026-04-25,1298524
selenium,2026-04-26,1305091
selenium,2026-04-27,2148382
selenium,2026-04-28,2234434
selenium,2026-04-29,2430863
selenium,2026-04-30,2249746
selenium,2026-05-01,1655962
selenium,2026-05-02,1464631
selenium,2026-05-03,1236043
selenium,2026-05-04,1814895
selenium,2026-05-05,2141031
selenium,2026-05-06,2277643
selenium,2026-05-07,2087948
selenium,2026-05-08,2043235
selenium,2026-05-09,1370544
selenium,2026-05-10,1097695
selenium,2026-05-11,1841029
selenium,2026-05-12,1967933
selenium,2026-05-13,2023678
selenium,2026-05-14,2000787
selenium,2026-05-15,1987260
selenium,2026-05-16,1420142
selenium,2026-05-17,1069474
selenium,2026-05-18,1821739
selenium,2026-05-19,2078555
selenium,2026-05-20,2107952
selenium,2026-05-21,2208187
selenium,2026-05-22,2103305
selenium,2026-05-23,1281541
selenium,2026-05-24,1316634
selenium,2026-05-25,1552670
selenium,2026-05-26,1780849
selenium,2026-05-27,2067956
selenium,2026-05-28,2070878
selenium,2026-05-29,1849421
selenium,2026-05-30,1172964
selenium,2026-05-31,1065771
selenium,2026-06-01,1933476
selenium,2026-06-02,2276052
selenium,2026-06-03,2072689
selenium,2026-06-04,2211538
selenium,2026-06-05,2066274
selenium,2026-06-06,1551432
selenium,2026-06-07,1636205
selenium,2026-06-08,2084507
selenium,2026-06-09,2193379
selenium,2026-06-10,2254501
selenium,2026-06-11,2308342
selenium,2026-06-12,2075614
selenium,2026-06-13,1428900
selenium,2026-06-14,1310220
selenium,2026-06-15,2159902
selenium,2026-06-16,2161399
selenium,2026-06-17,2141313
selenium,2026-06-18,2147082
selenium,2026-06-19,1882132
selenium,2026-06-20,1227454
selenium,2026-06-21,1405141
selenium,2026-06-22,1966957
selenium,2026-06-23,2104876
selenium,2026-06-24,2277550
selenium,2026-06-25,2322746
selenium,2026-06-26,2231284
selenium,2026-06-27,1414640
selenium,2026-06-28,1357895
selenium,2026-06-29,2083191
selenium,2026-06-30,2170241
selenium,2026-07-01,2244085
selenium,2026-07-02,2207054
selenium,2026-07-03,1931794
selenium,2026-07-04,1415323
selenium,2026-07-05,1531680
selenium,2026-07-06,2212891
selenium,2026-07-07,2266465
selenium,2026-07-08,2257483
selenium,2026-07-09,2054162
selenium,2026-07-10,1841367
selenium,2026-07-11,1362970
selenium,2026-07-12,1180403
selenium,2026-07-13,2030014
selenium,2026-07-14,2116842
selenium,2026-07-15,2135272
selenium,2026-07-16,2101904
selenium,2026-07-17,2237273
selenium,2026-07-18,1393475
selenium,2026-07-19,1343960
selenium,2026-07-20,2068050
selenium,2026-07-21,2127213
selenium,2026-07-22,2101540
selenium,2026-07-23,2280522
selenium,2026-07-24,2333967
selenium,2026-07-25,1584989
selenium,2026-07-26,1486942
selenium,2026-07-27,2184400
selenium,2026-07-28,2036526
selenium,2026-07-29,2091579
selenium,2026-07-30,2089302
selenium,2026-07-31,2001668
selenium,2026-08-01,1539309
selenium,2026-08-02,1295816
selenium,2026-08-03,2059880
selenium,2026-08-04,2059611
selenium,2026-08-05,2077752
selenium,2026-08-06,1833813
selenium,2026-08-07,2187614
selenium,2026-08-08,1529054
selenium,2026-08-09,1268941
selenium,2026-08-10,1912753
selenium,2026-08-11,2059549
selenium,2026-08-12,2086175
selenium,2026-08-13,2180558
selenium,2026-08-14,2241155
selenium,2026-08-15,1423384
selenium,2026-08-16,1338014
selenium,2026-08-17,1941051
selenium,2026-08-18,2009755
selenium,2026-08-19,2106365
selenium,2026-08-20,2005036
selenium,2026-08-21,2090215
selenium,2026-08-22,2109849
selenium,2026-08-23,2497962
selenium,2026-08-24,2044636
selenium,2026-08-25,1003040
selenium,2026-08-26,970694
selenium,2026-08-27,922496
selenium,2026-08-28,955428
selenium,2026-08-29,743568
selenium,2026-08-30,638093
selenium,2026-08-31,939138
selenium,2026-09-01,1044545
selenium,2026-09-02,1020572
selenium,2026-09-03,1087699
selenium,2026-09-04,1050678
selenium,2026-09-05,620614
selenium,2026-09-06,651372
selenium,2026-09-07,936598
selenium,2026-09-08,1054549
selenium,2026-09-09,1050481
selenium,2026-09-10,1042466
selenium,2026-09-11,971033
selenium,2026-09-12,548254
selenium,2026-09-13,584361
selenium,2026-09-14,1017055
selenium,2026-09-15,1088322
selenium,2026-09-16,1067149
selenium,2026-09-17,1122362
selenium,2026-09-18,1033462
selenium,2026-09-19,618968
selenium,2026-09-20,593964
selenium,2026-09-21,1004800
selenium,2026-09-22,1094033
selenium,2026-09-23,1204458
selenium,2026-09-24,1123453
selenium,2026-09-25,1011177
selenium,2026-09-26,586509
selenium,2026-09-27,601076
selenium,2026-09-28,1154579
selenium,2026-09-29,1280775
selenium,2026-09-30,1120411
selenium,2026-10-01,1150444
sentence-transformers,2026-04-06,738652
sentence-transformers,2026-04-07,860224
sentence-transformers,2026-04-08,869449
sentence-transformers,2026-04-09,932444
sentence-transformers,2026-04-10,876326
sentence-transformers,2026-04-11,581329
sentence-transformers,2026-04-12,609687
sentence-transformers,2026-04-13,920417
sentence-transformers,2026-04-14,915249
sentence-transformers,2026-04-15,879514
sentence-transformers,2026-04-16,877965
sentence-transformers,2026-04-17,828983
sentence-transformers,2026-04-18,581581
sentence-transformers,2026-04-19,597250
sentence-transformers,2026-04-20,874870
sentence-transformers,2026-04-21,883688
sentence-transformers,2026-04-22,1176580
sentence-transformers,2026-04-23,947906
sentence-transformers,2026-04-24,855465
sentence-transformers,2026-04-25,607853
sentence-transformers,2026-04-26,604435
sentence-transformers,2026-04-27,926098
sentence-transformers,2026-04-28,942267
sentence-transformers,2026-04-29,1151905
sentence-transformers,2026-04-30,1639795
sentence-transformers,2026-05-01,787295
sentence-transformers,2026-05-02,611185
sentence-transformers,2026-05-03,585039
sentence-transformers,2026-05-04,865502
sentence-transformers,2026-05-05,1060805
sentence-transformers,2026-05-06,1052298
sentence-transformers,2026-05-07,1015202
sentence-transformers,2026-05-08,896413
sentence-transformers,2026-05-09,681278
sentence-transformers,2026-05-10,603920
sentence-transformers,2026-05-11,958686
sentence-transformers,2026-05-12,1016792
sentence-transformers,2026-05-13,1003597
sentence-transformers,2026-05-14,972629
sentence-transformers,2026-05-15,921641
sentence-transformers,2026-05-16,650804
sentence-transformers,2026-05-17,649366
sentence-transformers,2026-05-18,983461
sentence-transformers,2026-05-19,1067585
sentence-transformers,2026-05-20,1072773
sentence-transformers,2026-05-21,1030411
sentence-transformers,2026-05-22,966965
sentence-transformers,2026-05-23,679375
sentence-transformers,2026-05-24,705828
sentence-transformers,2026-05-25,853867
sentence-transformers,2026-05-26,995438
sentence-transformers,2026-05-27,1040336
sentence-transformers,2026-05-28,1028114
sentence-transformers,2026-05-29,947278
sentence-transformers,2026-05-30,657708
sentence-transformers,2026-05-31,667561
sentence-transformers,2026-06-01,1008481
sentence-transformers,2026-06-02,1086089
sentence-transformers,2026-06-03,1058594
sentence-transformers,2026-06-04,1083869
sentence-transformers,2026-06-05,998725
sentence-transformers,2026-06-06,764492
sentence-transformers,2026-06-07,949952
sentence-transformers,2026-06-08,1145422
sentence-transformers,2026-06-09,1162113
sentence-transformers,2026-06-10,1173567
sentence-transformers,2026-06-11,1175514
sentence-transformers,2026-06-12,1061698
sentence-transformers,2026-06-13,826678
sentence-transformers,2026-06-14,797449
sentence-transformers,2026-06-15,1121730
sentence-transformers,2026-06-16,1192303
sentence-transformers,2026-06-17,1175499
sentence-transformers,2026-06-18,1074217
sentence-transformers,2026-06-19,994668
sentence-transformers,2026-06-20,775501
sentence-transformers,2026-06-21,753976
sentence-transformers,2026-06-22,1095039
sentence-transformers,2026-06-23,1035589
sentence-transformers,2026-06-24,1073694
sentence-transformers,2026-06-25,1061378
sentence-transformers,2026-06-26,982865
sentence-transformers,2026-06-27,690104
sentence-transformers,2026-06-28,695225
sentence-transformers,2026-06-29,1054113
sentence-transformers,2026-06-30,1096871
sentence-transformers,2026-07-01,1071669
sentence-transformers,2026-07-02,1049429
sentence-transformers,2026-07-03,857069
sentence-transformers,2026-07-04,664610
sentence-transformers,2026-07-05,655239
sentence-transformers,2026-07-06,982220
sentence-transformers,2026-07-07,1067277
sentence-transformers,2026-07-08,1054567
sentence-transformers,2026-07-09,1029403
sentence-transformers,2026-07-10,1002171
sentence-transformers,2026-07-11,707456
sentence-transformers,2026-07-12,707494
sentence-transformers,2026-07-13,1092648
sentence-transformers,2026-07-14,1086264
sentence-transformers,2026-07-15,1088932
sentence-transformers,2026-07-16,1085353
sentence-transformers,2026-07-17,1058252
sentence-transformers,2026-07-18,740334
sentence-transformers,2026-07-19,705062
sentence-transformers,2026-07-20,1028755
sentence-transformers,2026-07-21,1168228
sentence-transformers,2026-07-22,1200023
sentence-transformers,2026-07-23,1258278
sentence-transformers,2026-07-24,1161916
sentence-transformers,2026-07-25,737732
sentence-transformers,2026-07-26,743493
sentence-transformers,2026-07-27,1153193
sentence-transformers,2026-07-28,1111406
sentence-transformers,2026-07-29,1103413
sentence-transformers,2026-07-30,1107722
sentence-transformers,2026-07-31,1096340
sentence-transformers,2026-08-01,782523
sentence-transformers,2026-08-02,783159
sentence-transformers,2026-08-03,1208899
sentence-transformers,2026-08-04,1196061
sentence-transformers,2026-08-05,1195778
sentence-transformers,2026-08-06,1050701
sentence-transformers,2026-08-07,1225262
sentence-transformers,2026-08-08,867930
sentence-transformers,2026-08-09,818136
sentence-transformers,2026-08-10,1071932
sentence-transformers,2026-08-11,1113989
sentence-transformers,2026-08-12,1151096
sentence-transformers,2026-08-13,1144057
sentence-transformers,2026-08-14,1335418
sentence-transformers,2026-08-15,1008538
sentence-transformers,2026-08-16,931975
sentence-transformers,2026-08-17,1270413
sentence-transformers,2026-08-18,1344023
sentence-transformers,2026-08-19,1373893
sentence-transformers,2026-08-20,1403545
sentence-transformers,2026-08-21,1357789
sentence-transformers,2026-08-22,983812
sentence-transformers,2026-08-23,1013228
sentence-transformers,2026-08-24,1194880
sentence-transformers,2026-08-25,842066
sentence-transformers,2026-08-26,869411
sentence-transformers,2026-08-27,861581
sentence-transformers,2026-08-28,770073
sentence-transformers,2026-08-29,584474
sentence-transformers,2026-08-30,569854
sentence-transformers,2026-08-31,815798
sentence-transformers,2026-09-01,891782
sentence-transformers,2026-09-02,867686
sentence-transformers,2026-09-03,815771
sentence-transformers,2026-09-04,794741
sentence-transformers,2026-09-05,581869
sentence-transformers,2026-09-06,576212
sentence-transformers,2026-09-07,707576
sentence-transformers,2026-09-08,841389
sentence-transformers,2026-09-09,850896
sentence-transformers,2026-09-10,852535
sentence-transformers,2026-09-11,804358
sentence-transformers,2026-09-12,565142
sentence-transformers,2026-09-13,562449
sentence-transformers,2026-09-14,775028
sentence-transformers,2026-09-15,844389
sentence-transformers,2026-09-16,851718
sentence-transformers,2026-09-17,822138
sentence-transformers,2026-09-18,807687
sentence-transformers,2026-09-19,580595
sentence-transformers,2026-09-20,560360
sentence-transformers,2026-09-21,780009
sentence-transformers,2026-09-22,820685
sentence-transformers,2026-09-23,840649
sentence-transformers,2026-09-24,852073
sentence-transformers,2026-09-25,841299
sentence-transformers,2026-09-26,633509
sentence-transformers,2026-09-27,639887
sentence-transformers,2026-09-28,838345
sentence-transformers,2026-09-29,873998
sentence-transformers,2026-09-30,846701
sentence-transformers,2026-10-01,828784
spacy,2026-04-06,619291
spacy,2026-04-07,756712
spacy,2026-04-08,782232
spacy,2026-04-09,789278
spacy,2026-04-10,730430
spacy,2026-04-11,406773
spacy,2026-04-12,404564
spacy,2026-04-13,738558
spacy,2026-04-14,860971
spacy,2026-04-15,960154
spacy,2026-04-16,1046660
spacy,2026-04-17,922601
spacy,2026-04-18,442729
spacy,2026-04-19,446500
spacy,2026-04-20,903025
spacy,2026-04-21,945472
spacy,2026-04-22,918849
spacy,2026-04-23,866080
spacy,2026-04-24,763201
spacy,2026-04-25,489037
spacy,2026-04-26,486467
spacy,2026-04-27,779364
spacy,2026-04-28,819717
spacy,2026-04-29,915551
spacy,2026-04-30,822798
spacy,2026-05-01,665825
spacy,2026-05-02,427095
spacy,2026-05-03,447438
spacy,2026-05-04,721699
spacy,2026-05-05,822721
spacy,2026-05-06,850311
spacy,2026-05-07,824634
spacy,2026-05-08,736898
spacy,2026-05-09,486953
spacy,2026-05-10,442961
spacy,2026-05-11,788997
spacy,2026-05-12,805371
spacy,2026-05-13,809999
spacy,2026-05-14,750915
spacy,2026-05-15,735929
spacy,2026-05-16,450446
spacy,2026-05-17,477250
spacy,2026-05-18,806100
spacy,2026-05-19,883352
spacy,2026-05-20,832575
spacy,2026-05-21,802140
spacy,2026-05-22,742519
spacy,2026-05-23,461876
spacy,2026-05-24,472986
spacy,2026-05-25,634289
spacy,2026-05-26,741429
spacy,2026-05-27,804887
spacy,2026-05-28,796659
spacy,2026-05-29,776641
spacy,2026-05-30,493409
spacy,2026-05-31,479679
spacy,2026-06-01,801430
spacy,2026-06-02,868790
spacy,2026-06-03,843593
spacy,2026-06-04,836509
spacy,2026-06-05,826958
spacy,2026-06-06,481682
spacy,2026-06-07,471732
spacy,2026-06-08,810303
spacy,2026-06-09,867261
spacy,2026-06-10,835912
spacy,2026-06-11,863134
spacy,2026-06-12,758326
spacy,2026-06-13,475536
spacy,2026-06-14,492860
spacy,2026-06-15,806828
spacy,2026-06-16,821690
spacy,2026-06-17,842703
spacy,2026-06-18,832092
spacy,2026-06-19,712247
spacy,2026-06-20,506199
spacy,2026-06-21,460576
spacy,2026-06-22,784715
spacy,2026-06-23,816471
spacy,2026-06-24,811863
spacy,2026-06-25,810380
spacy,2026-06-26,755452
spacy,2026-06-27,449318
spacy,2026-06-28,451065
spacy,2026-06-29,814151
spacy,2026-06-30,851413
spacy,2026-07-01,863076
spacy,2026-07-02,853281
spacy,2026-07-03,701630
spacy,2026-07-04,478768
spacy,2026-07-05,465152
spacy,2026-07-06,800014
spacy,2026-07-07,826445
spacy,2026-07-08,859704
spacy,2026-07-09,866550
spacy,2026-07-10,802995
spacy,2026-07-11,517562
spacy,2026-07-12,536802
spacy,2026-07-13,915905
spacy,2026-07-14,909642
spacy,2026-07-15,925759
spacy,2026-07-16,938138
spacy,2026-07-17,867642
spacy,2026-07-18,523959
spacy,2026-07-19,535078
spacy,2026-07-20,911541
spacy,2026-07-21,950661
spacy,2026-07-22,910390
spacy,2026-07-23,898775
spacy,2026-07-24,812852
spacy,2026-07-25,493750
spacy,2026-07-26,500608
spacy,2026-07-27,884470
spacy,2026-07-28,909219
spacy,2026-07-29,898941
spacy,2026-07-30,919371
spacy,2026-07-31,864492
spacy,2026-08-01,540750
spacy,2026-08-02,548831
spacy,2026-08-03,940684
spacy,2026-08-04,945083
spacy,2026-08-05,935046
spacy,2026-08-06,811388
spacy,2026-08-07,953418
spacy,2026-08-08,618101
spacy,2026-08-09,580598
spacy,2026-08-10,917046
spacy,2026-08-11,954035
spacy,2026-08-12,949848
spacy,2026-08-13,925642
spacy,2026-08-14,1069099
spacy,2026-08-15,725847
spacy,2026-08-16,743422
spacy,2026-08-17,1050999
spacy,2026-08-18,1138396
spacy,2026-08-19,1135390
spacy,2026-08-20,1131038
spacy,2026-08-21,1049721
spacy,2026-08-22,724768
spacy,2026-08-23,739397
spacy,2026-08-24,1088186
spacy,2026-08-25,780207
spacy,2026-08-26,745868
spacy,2026-08-27,745582
spacy,2026-08-28,691322
spacy,2026-08-29,447270
spacy,2026-08-30,452025
spacy,2026-08-31,729766
spacy,2026-09-01,791292
spacy,2026-09-02,799076
spacy,2026-09-03,775665
spacy,2026-09-04,736809
spacy,2026-09-05,466428
spacy,2026-09-06,457529
spacy,2026-09-07,691245
spacy,2026-09-08,835074
spacy,2026-09-09,822001
spacy,2026-09-10,834640
spacy,2026-09-11,782138
spacy,2026-09-12,506267
spacy,2026-09-13,492575
spacy,2026-09-14,797677
spacy,2026-09-15,786622
spacy,2026-09-16,761869
spacy,2026-09-17,808010
spacy,2026-09-18,834806
spacy,2026-09-19,535032
spacy,2026-09-20,502038
spacy,2026-09-21,762596
spacy,2026-09-22,800476
spacy,2026-09-23,801227
spacy,2026-09-24,812803
spacy,2026-09-25,766706
spacy,2026-09-26,532898
spacy,2026-09-27,565696
spacy,2026-09-28,826408
spacy,2026-09-29,861091
spacy,2026-09-30,811434
spacy,2026-10-01,777796
statsmodels,2026-04-06,1098502
statsmodels,2026-04-07,1698334
statsmodels,2026-04-08,1396192
statsmodels,2026-04-09,1398978
statsmodels,2026-04-10,1314330
statsmodels,2026-04-11,814301
statsmodels,2026-04-12,791083
statsmodels,2026-04-13,1268820
statsmodels,2026-04-14,1365069
statsmodels,2026-04-15,1349677
statsmodels,2026-04-16,1306848
statsmodels,2026-04-17,1266189
statsmodels,2026-04-18,821358
statsmodels,2026-04-19,759233
statsmodels,2026-04-20,1315022
statsmodels,2026-04-21,1442872
statsmodels,2026-04-22,1485571
statsmodels,2026-04-23,1389147
statsmodels,2026-04-24,1351659
statsmodels,2026-04-25,847994
statsmodels,2026-04-26,765878
statsmodels,2026-04-27,1292628
statsmodels,2026-04-28,1392917
statsmodels,2026-04-29,1364434
statsmodels,2026-04-30,1289678
statsmodels,2026-05-01,1192974
statsmodels,2026-05-02,868100
statsmodels,2026-05-03,770021
statsmodels,2026-05-04,1228802
statsmodels,2026-05-05,1448298
statsmodels,2026-05-06,1449855
statsmodels,2026-05-07,1387021
statsmodels,2026-05-08,1275123
statsmodels,2026-05-09,922476
statsmodels,2026-05-10,780907
statsmodels,2026-05-11,1340370
statsmodels,2026-05-12,1407133
statsmodels,2026-05-13,1354370
statsmodels,2026-05-14,1273219
statsmodels,2026-05-15,1639383
statsmodels,2026-05-16,818926
statsmodels,2026-05-17,768463
statsmodels,2026-05-18,1322972
statsmodels,2026-05-19,1350389
statsmodels,2026-05-20,1363572
statsmodels,2026-05-21,1398124
statsmodels,2026-05-22,1340946
statsmodels,2026-05-23,874739
statsmodels,2026-05-24,826016
statsmodels,2026-05-25,1007156
statsmodels,2026-05-26,1263108
statsmodels,2026-05-27,1335832
statsmodels,2026-05-28,1367473
statsmodels,2026-05-29,1399231
statsmodels,2026-05-30,921899
statsmodels,2026-05-31,822592
statsmodels,2026-06-01,1309455
statsmodels,2026-06-02,1378450
statsmodels,2026-06-03,1393694
statsmodels,2026-06-04,1384845
statsmodels,2026-06-05,1338731
statsmodels,2026-06-06,967603
statsmodels,2026-06-07,829417
statsmodels,2026-06-08,1342768
statsmodels,2026-06-09,1420506
statsmodels,2026-06-10,1501671
statsmodels,2026-06-11,1470202
statsmodels,2026-06-12,1396607
statsmodels,2026-06-13,926603
statsmodels,2026-06-14,913185
statsmodels,2026-06-15,1403139
statsmodels,2026-06-16,1480280
statsmodels,2026-06-17,1393400
statsmodels,2026-06-18,1386693
statsmodels,2026-06-19,1251409
statsmodels,2026-06-20,930598
statsmodels,2026-06-21,838058
statsmodels,2026-06-22,1452600
statsmodels,2026-06-23,1415201
statsmodels,2026-06-24,1339404
statsmodels,2026-06-25,1395231
statsmodels,2026-06-26,1251409
statsmodels,2026-06-27,912483
statsmodels,2026-06-28,825048
statsmodels,2026-06-29,1281543
statsmodels,2026-06-30,1363841
statsmodels,2026-07-01,1405927
statsmodels,2026-07-02,1384239
statsmodels,2026-07-03,1152557
statsmodels,2026-07-04,902664
statsmodels,2026-07-05,889865
statsmodels,2026-07-06,1393127
statsmodels,2026-07-07,1557522
statsmodels,2026-07-08,1561922
statsmodels,2026-07-09,1565856
statsmodels,2026-07-10,1518914
statsmodels,2026-07-11,1014108
statsmodels,2026-07-12,942403
statsmodels,2026-07-13,1467719
statsmodels,2026-07-14,1484177
statsmodels,2026-07-15,1476057
statsmodels,2026-07-16,1530965
statsmodels,2026-07-17,1405162
statsmodels,2026-07-18,977150
statsmodels,2026-07-19,912953
statsmodels,2026-07-20,1422643
statsmodels,2026-07-21,1591441
statsmodels,2026-07-22,1575095
statsmodels,2026-07-23,1632980
statsmodels,2026-07-24,1548892
statsmodels,2026-07-25,1101305
statsmodels,2026-07-26,1057005
statsmodels,2026-07-27,1584640
statsmodels,2026-07-28,1532839
statsmodels,2026-07-29,1470263
statsmodels,2026-07-30,1492125
statsmodels,2026-07-31,1458296
statsmodels,2026-08-01,1093644
statsmodels,2026-08-02,992581
statsmodels,2026-08-03,1460574
statsmodels,2026-08-04,1501297
statsmodels,2026-08-05,1528934
statsmodels,2026-08-06,1413839
statsmodels,2026-08-07,1533018
statsmodels,2026-08-08,1067267
statsmodels,2026-08-09,979472
statsmodels,2026-08-10,1398041
statsmodels,2026-08-11,1501561
statsmodels,2026-08-12,1514880
statsmodels,2026-08-13,1575895
statsmodels,2026-08-14,1455901
statsmodels,2026-08-15,1133273
statsmodels,2026-08-16,1016348
statsmodels,2026-08-17,1476388
statsmodels,2026-08-18,1558827
statsmodels,2026-08-19,1518792
statsmodels,2026-08-20,1411779
statsmodels,2026-08-21,1441091
statsmodels,2026-08-22,1020902
statsmodels,2026-08-23,950118
statsmodels,2026-08-24,1365690
statsmodels,2026-08-25,1147712
statsmodels,2026-08-26,1104791
statsmodels,2026-08-27,1133677
statsmodels,2026-08-28,1092093
statsmodels,2026-08-29,764038
statsmodels,2026-08-30,708840
statsmodels,2026-08-31,1088197
statsmodels,2026-09-01,1175140
statsmodels,2026-09-02,1174796
statsmodels,2026-09-03,1169228
statsmodels,2026-09-04,1099143
statsmodels,2026-09-05,806389
statsmodels,2026-09-06,730619
statsmodels,2026-09-07,972274
statsmodels,2026-09-08,1157883
statsmodels,2026-09-09,1201675
statsmodels,2026-09-10,1207211
statsmodels,2026-09-11,1108215
statsmodels,2026-09-12,774248
statsmodels,2026-09-13,722956
statsmodels,2026-09-14,1139322
statsmodels,2026-09-15,1193193
statsmodels,2026-09-16,1181569
statsmodels,2026-09-17,1172839
statsmodels,2026-09-18,1121498
statsmodels,2026-09-19,756026
statsmodels,2026-09-20,737723
statsmodels,2026-09-21,1114244
statsmodels,2026-09-22,1230309
statsmodels,2026-09-23,1251599
statsmodels,2026-09-24,1269176
statsmodels,2026-09-25,1140873
statsmodels,2026-09-26,774089
statsmodels,2026-09-27,761784
statsmodels,2026-09-28,1238994
statsmodels,2026-09-29,1381008
statsmodels,2026-09-30,1357721
statsmodels,2026-10-01,1350864
streamlit,2026-04-06,781155
streamlit,2026-04-07,986854
streamlit,2026-04-08,1021812
streamlit,2026-04-09,1028080
streamlit,2026-04-10,959290
streamlit,2026-04-11,540071
streamlit,2026-04-12,536012
streamlit,2026-04-13,965269
streamlit,2026-04-14,1083011
streamlit,2026-04-15,1030180
streamlit,2026-04-16,1053376
streamlit,2026-04-17,949112
streamlit,2026-04-18,575483
streamlit,2026-04-19,556230
streamlit,2026-04-20,1009655
streamlit,2026-04-21,1050302
streamlit,2026-04-22,1054499
streamlit,2026-04-23,1024302
streamlit,2026-04-24,982811
streamlit,2026-04-25,584937
streamlit,2026-04-26,581657
streamlit,2026-04-27,1042954
streamlit,2026-04-28,1155429
streamlit,2026-04-29,1150751
streamlit,2026-04-30,1120885
streamlit,2026-05-01,896912
streamlit,2026-05-02,626938
streamlit,2026-05-03,583169
streamlit,2026-05-04,1030933
streamlit,2026-05-05,1144496
streamlit,2026-05-06,1129444
streamlit,2026-05-07,1111951
streamlit,2026-05-08,1045958
streamlit,2026-05-09,682546
streamlit,2026-05-10,617414
streamlit,2026-05-11,1115601
streamlit,2026-05-12,1159163
streamlit,2026-05-13,1157223
streamlit,2026-05-14,1063609
streamlit,2026-05-15,1012451
streamlit,2026-05-16,653817
streamlit,2026-05-17,638721
streamlit,2026-05-18,1072064
streamlit,2026-05-19,1220669
streamlit,2026-05-20,1191132
streamlit,2026-05-21,1181650
streamlit,2026-05-22,1082887
streamlit,2026-05-23,652462
streamlit,2026-05-24,621828
streamlit,2026-05-25,875205
streamlit,2026-05-26,1031505
streamlit,2026-05-27,1106498
streamlit,2026-05-28,1158242
streamlit,2026-05-29,1131608
streamlit,2026-05-30,747029
streamlit,2026-05-31,611201
streamlit,2026-06-01,1076745
streamlit,2026-06-02,1121373
streamlit,2026-06-03,1096583
streamlit,2026-06-04,1049861
streamlit,2026-06-05,971070
streamlit,2026-06-06,590062
streamlit,2026-06-07,565630
streamlit,2026-06-08,981183
streamlit,2026-06-09,1036551
streamlit,2026-06-10,1038971
streamlit,2026-06-11,1094342
streamlit,2026-06-12,969161
streamlit,2026-06-13,578053
streamlit,2026-06-14,567124
streamlit,2026-06-15,1000266
streamlit,2026-06-16,1027424
streamlit,2026-06-17,1038084
streamlit,2026-06-18,994578
streamlit,2026-06-19,862737
streamlit,2026-06-20,603528
streamlit,2026-06-21,572112
streamlit,2026-06-22,990569
streamlit,2026-06-23,1044911
streamlit,2026-06-24,1020757
streamlit,2026-06-25,995803
streamlit,2026-06-26,899658
streamlit,2026-06-27,581330
streamlit,2026-06-28,564025
streamlit,2026-06-29,951549
streamlit,2026-06-30,1005864
streamlit,2026-07-01,998809
streamlit,2026-07-02,992333
streamlit,2026-07-03,808181
streamlit,2026-07-04,557639
streamlit,2026-07-05,544621
streamlit,2026-07-06,989544
streamlit,2026-07-07,1120953
streamlit,2026-07-08,1112829
streamlit,2026-07-09,1061709
streamlit,2026-07-10,1045171
streamlit,2026-07-11,688431
streamlit,2026-07-12,657863
streamlit,2026-07-13,1125604
streamlit,2026-07-14,1147393
streamlit,2026-07-15,1110004
streamlit,2026-07-16,1091701
streamlit,2026-07-17,1019079
streamlit,2026-07-18,637175
streamlit,2026-07-19,615184
streamlit,2026-07-20,1009476
streamlit,2026-07-21,1124831
streamlit,2026-07-22,1185574
streamlit,2026-07-23,1110791
streamlit,2026-07-24,1033828
streamlit,2026-07-25,645634
streamlit,2026-07-26,651049
streamlit,2026-07-27,1089588
streamlit,2026-07-28,1101645
streamlit,2026-07-29,1111753
streamlit,2026-07-30,1130969
streamlit,2026-07-31,1074978
streamlit,2026-08-01,702235
streamlit,2026-08-02,679484
streamlit,2026-08-03,1077703
streamlit,2026-08-04,1129140
streamlit,2026-08-05,1317200
streamlit,2026-08-06,1132563
streamlit,2026-08-07,1224522
streamlit,2026-08-08,753921
streamlit,2026-08-09,748187
streamlit,2026-08-10,1117941
streamlit,2026-08-11,1183154
streamlit,2026-08-12,1198345
streamlit,2026-08-13,1196857
streamlit,2026-08-14,1113049
streamlit,2026-08-15,743249
streamlit,2026-08-16,728991
streamlit,2026-08-17,1197346
streamlit,2026-08-18,1198665
streamlit,2026-08-19,1173824
streamlit,2026-08-20,1180359
streamlit,2026-08-21,1118675
streamlit,2026-08-22,747660
streamlit,2026-08-23,738229
streamlit,2026-08-24,1053104
streamlit,2026-08-25,719115
streamlit,2026-08-26,678530
streamlit,2026-08-27,667146
streamlit,2026-08-28,588471
streamlit,2026-08-29,375229
streamlit,2026-08-30,363918
streamlit,2026-08-31,644140
streamlit,2026-09-01,740728
streamlit,2026-09-02,782385
streamlit,2026-09-03,747450
streamlit,2026-09-04,680019
streamlit,2026-09-05,431103
streamlit,2026-09-06,401358
streamlit,2026-09-07,595155
streamlit,2026-09-08,765153
streamlit,2026-09-09,741875
streamlit,2026-09-10,773188
streamlit,2026-09-11,694955
streamlit,2026-09-12,403755
streamlit,2026-09-13,387608
streamlit,2026-09-14,707614
streamlit,2026-09-15,762642
streamlit,2026-09-16,782963
streamlit,2026-09-17,771434
streamlit,2026-09-18,711405
streamlit,2026-09-19,430266
streamlit,2026-09-20,406895
streamlit,2026-09-21,704718
streamlit,2026-09-22,774227
streamlit,2026-09-23,804164
streamlit,2026-09-24,791578
streamlit,2026-09-25,700610
streamlit,2026-09-26,413664
streamlit,2026-09-27,405452
streamlit,2026-09-28,743830
streamlit,2026-09-29,793092
streamlit,2026-09-30,782314
streamlit,2026-10-01,789618
sympy,2026-04-06,4419125
sympy,2026-04-07,5316253
sympy,2026-04-08,5413888
sympy,2026-04-09,5633030
sympy,2026-04-10,5374325
sympy,2026-04-11,3541998
sympy,2026-04-12,3555364
sympy,2026-04-13,5543458
sympy,2026-04-14,5910168
sympy,2026-04-15,5744234
sympy,2026-04-16,5677521
sympy,2026-04-17,5719161
sympy,2026-04-18,3874529
sympy,2026-04-19,3566302
sympy,2026-04-20,5922608
sympy,2026-04-21,5787732
sympy,2026-04-22,5997102
sympy,2026-04-23,5489044
sympy,2026-04-24,5278920
sympy,2026-04-25,4035841
sympy,2026-04-26,4027255
sympy,2026-04-27,5647710
sympy,2026-04-28,5281471
sympy,2026-04-29,5297969
sympy,2026-04-30,5028461
sympy,2026-05-01,5063499
sympy,2026-05-02,3714552
sympy,2026-05-03,3603713
sympy,2026-05-04,4616992
sympy,2026-05-05,5389384
sympy,2026-05-06,5629749
sympy,2026-05-07,5552783
sympy,2026-05-08,4723660
sympy,2026-05-09,3314776
sympy,2026-05-10,3033935
sympy,2026-05-11,4891671
sympy,2026-05-12,5499758
sympy,2026-05-13,5646853
sympy,2026-05-14,5352938
sympy,2026-05-15,5038228
sympy,2026-05-16,3175800
sympy,2026-05-17,3216238
sympy,2026-05-18,5122365
sympy,2026-05-19,5620280
sympy,2026-05-20,5614746
sympy,2026-05-21,5639174
sympy,2026-05-22,4988393
sympy,2026-05-23,3414971
sympy,2026-05-24,3549551
sympy,2026-05-25,4348914
sympy,2026-05-26,4937290
sympy,2026-05-27,5261652
sympy,2026-05-28,5534654
sympy,2026-05-29,5116892
sympy,2026-05-30,3513799
sympy,2026-05-31,3214909
sympy,2026-06-01,5344331
sympy,2026-06-02,5799935
sympy,2026-06-03,5605755
sympy,2026-06-04,5519203
sympy,2026-06-05,5447274
sympy,2026-06-06,3883575
sympy,2026-06-07,3622594
sympy,2026-06-08,5578740
sympy,2026-06-09,5628655
sympy,2026-06-10,5786430
sympy,2026-06-11,5809006
sympy,2026-06-12,6038112
sympy,2026-06-13,3755506
sympy,2026-06-14,3708731
sympy,2026-06-15,5402717
sympy,2026-06-16,5648895
sympy,2026-06-17,5538461
sympy,2026-06-18,5842036
sympy,2026-06-19,5130024
sympy,2026-06-20,3814051
sympy,2026-06-21,3787367
sympy,2026-06-22,5660245
sympy,2026-06-23,5658252
sympy,2026-06-24,5660038
sympy,2026-06-25,5580292
sympy,2026-06-26,5154741
sympy,2026-06-27,3674971
sympy,2026-06-28,4290335
sympy,2026-06-29,5452112
sympy,2026-06-30,5643106
sympy,2026-07-01,5925218
sympy,2026-07-02,5514644
sympy,2026-07-03,4757023
sympy,2026-07-04,3494304
sympy,2026-07-05,3681784
sympy,2026-07-06,5450697
sympy,2026-07-07,5765290
sympy,2026-07-08,5862620
sympy,2026-07-09,5649618
sympy,2026-07-10,5361810
sympy,2026-07-11,3937845
sympy,2026-07-12,3959537
sympy,2026-07-13,6175486
sympy,2026-07-14,6606960
sympy,2026-07-15,6112927
sympy,2026-07-16,6258167
sympy,2026-07-17,5787695
sympy,2026-07-18,4124876
sympy,2026-07-19,4142433
sympy,2026-07-20,5777683
sympy,2026-07-21,6426714
sympy,2026-07-22,6367956
sympy,2026-07-23,6352173
sympy,2026-07-24,5950786
sympy,2026-07-25,4136705
sympy,2026-07-26,4022078
sympy,2026-07-27,6139156
sympy,2026-07-28,6160309
sympy,2026-07-29,6234634
sympy,2026-07-30,6185148
sympy,2026-07-31,6167663
sympy,2026-08-01,4415157
sympy,2026-08-02,4731187
sympy,2026-08-03,6385612
sympy,2026-08-04,6446827
sympy,2026-08-05,6732569
sympy,2026-08-06,5975066
sympy,2026-08-07,6392086
sympy,2026-08-08,4245589
sympy,2026-08-09,4219653
sympy,2026-08-10,6120060
sympy,2026-08-11,6330591
sympy,2026-08-12,6510309
sympy,2026-08-13,6405583
sympy,2026-08-14,6165642
sympy,2026-08-15,4578249
sympy,2026-08-16,4420395
sympy,2026-08-17,6129587
sympy,2026-08-18,6489159
sympy,2026-08-19,6546039
sympy,2026-08-20,6424052
sympy,2026-08-21,6205050
sympy,2026-08-22,4484480
sympy,2026-08-23,4747516
sympy,2026-08-24,6367458
sympy,2026-08-25,4940235
sympy,2026-08-26,4787821
sympy,2026-08-27,4258154
sympy,2026-08-28,3962181
sympy,2026-08-29,2687343
sympy,2026-08-30,2826948
sympy,2026-08-31,4192329
sympy,2026-09-01,4575933
sympy,2026-09-02,4646278
sympy,2026-09-03,4623477
sympy,2026-09-04,4257306
sympy,2026-09-05,3054788
sympy,2026-09-06,3254635
sympy,2026-09-07,4067137
sympy,2026-09-08,5124592
sympy,2026-09-09,4890859
sympy,2026-09-10,4702749
sympy,2026-09-11,4390269
sympy,2026-09-12,3006942
sympy,2026-09-13,3004629
sympy,2026-09-14,4484480
sympy,2026-09-15,4949424
sympy,2026-09-16,5030357
sympy,2026-09-17,4976373
sympy,2026-09-18,4863878
sympy,2026-09-19,2992605
sympy,2026-09-20,2893016
sympy,2026-09-21,4179514
sympy,2026-09-22,4540258
sympy,2026-09-23,4735949
sympy,2026-09-24,4754151
sympy,2026-09-25,4486861
sympy,2026-09-26,3125591
sympy,2026-09-27,3153066
sympy,2026-09-28,4703981
sympy,2026-09-29,5009937
sympy,2026-09-30,4906900
sympy,2026-10-01,5077247
tensorflow,2026-04-06,624477
tensorflow,2026-04-07,729415
tensorflow,2026-04-08,762640
tensorflow,2026-04-09,758681
tensorflow,2026-04-10,691104
tensorflow,2026-04-11,574835
tensorflow,2026-04-12,612609
tensorflow,2026-04-13,804295
tensorflow,2026-04-14,795473
tensorflow,2026-04-15,799300
tensorflow,2026-04-16,725000
tensorflow,2026-04-17,756178
tensorflow,2026-04-18,656485
tensorflow,2026-04-19,572984
tensorflow,2026-04-20,733495
tensorflow,2026-04-21,793987
tensorflow,2026-04-22,855625
tensorflow,2026-04-23,840397
tensorflow,2026-04-24,913265
tensorflow,2026-04-25,721958
tensorflow,2026-04-26,847136
tensorflow,2026-04-27,979957
tensorflow,2026-04-28,967543
tensorflow,2026-04-29,869417
tensorflow,2026-04-30,703723
tensorflow,2026-05-01,679006
tensorflow,2026-05-02,541930
tensorflow,2026-05-03,532404
tensorflow,2026-05-04,639237
tensorflow,2026-05-05,678029
tensorflow,2026-05-06,790004
tensorflow,2026-05-07,819446
tensorflow,2026-05-08,719384
tensorflow,2026-05-09,639864
tensorflow,2026-05-10,540972
tensorflow,2026-05-11,714551
tensorflow,2026-05-12,816779
tensorflow,2026-05-13,780413
tensorflow,2026-05-14,700242
tensorflow,2026-05-15,718802
tensorflow,2026-05-16,532782
tensorflow,2026-05-17,559719
tensorflow,2026-05-18,699387
tensorflow,2026-05-19,770641
tensorflow,2026-05-20,879344
tensorflow,2026-05-21,782775
tensorflow,2026-05-22,668127
tensorflow,2026-05-23,697289
tensorflow,2026-05-24,720221
tensorflow,2026-05-25,921686
tensorflow,2026-05-26,648913
tensorflow,2026-05-27,808973
tensorflow,2026-05-28,966100
tensorflow,2026-05-29,690499
tensorflow,2026-05-30,669992
tensorflow,2026-05-31,507633
tensorflow,2026-06-01,973123
tensorflow,2026-06-02,1045069
tensorflow,2026-06-03,1065110
tensorflow,2026-06-04,987577
tensorflow,2026-06-05,789820
tensorflow,2026-06-06,869970
tensorflow,2026-06-07,663311
tensorflow,2026-06-08,770963
tensorflow,2026-06-09,773720
tensorflow,2026-06-10,789709
tensorflow,2026-06-11,759943
tensorflow,2026-06-12,696756
tensorflow,2026-06-13,496602
tensorflow,2026-06-14,465779
tensorflow,2026-06-15,679780
tensorflow,2026-06-16,737513
tensorflow,2026-06-17,709596
tensorflow,2026-06-18,668371
tensorflow,2026-06-19,646266
tensorflow,2026-06-20,582163
tensorflow,2026-06-21,505146
tensorflow,2026-06-22,662410
tensorflow,2026-06-23,662456
tensorflow,2026-06-24,638880
tensorflow,2026-06-25,699477
tensorflow,2026-06-26,617697
tensorflow,2026-06-27,503674
tensorflow,2026-06-28,446850
tensorflow,2026-06-29,573587
tensorflow,2026-06-30,622558
tensorflow,2026-07-01,676594
tensorflow,2026-07-02,670374
tensorflow,2026-07-03,573394
tensorflow,2026-07-04,468218
tensorflow,2026-07-05,503843
tensorflow,2026-07-06,643571
tensorflow,2026-07-07,718688
tensorflow,2026-07-08,669785
tensorflow,2026-07-09,691772
tensorflow,2026-07-10,784904
tensorflow,2026-07-11,548832
tensorflow,2026-07-12,507841
tensorflow,2026-07-13,678339
tensorflow,2026-07-14,729107
tensorflow,2026-07-15,746667
tensorflow,2026-07-16,732483
tensorflow,2026-07-17,655631
tensorflow,2026-07-18,508805
tensorflow,2026-07-19,480826
tensorflow,2026-07-20,679119
tensorflow,2026-07-21,676514
tensorflow,2026-07-22,739488
tensorflow,2026-07-23,725969
tensorflow,2026-07-24,673065
tensorflow,2026-07-25,530867
tensorflow,2026-07-26,530352
tensorflow,2026-07-27,714243
tensorflow,2026-07-28,736686
tensorflow,2026-07-29,765778
tensorflow,2026-07-30,750213
tensorflow,2026-07-31,674415
tensorflow,2026-08-01,576084
tensorflow,2026-08-02,536761
tensorflow,2026-08-03,684959
tensorflow,2026-08-04,740592
tensorflow,2026-08-05,687052
tensorflow,2026-08-06,662108
tensorflow,2026-08-07,659867
tensorflow,2026-08-08,467238
tensorflow,2026-08-09,485966
tensorflow,2026-08-10,611316
tensorflow,2026-08-11,608541
tensorflow,2026-08-12,634507
tensorflow,2026-08-13,667678
tensorflow,2026-08-14,590868
tensorflow,2026-08-15,495478
tensorflow,2026-08-16,472373
tensorflow,2026-08-17,563561
tensorflow,2026-08-18,597219
tensorflow,2026-08-19,614730
tensorflow,2026-08-20,620701
tensorflow,2026-08-21,654051
tensorflow,2026-08-22,515874
tensorflow,2026-08-23,462054
tensorflow,2026-08-24,526062
tensorflow,2026-08-25,399841
tensorflow,2026-08-26,415083
tensorflow,2026-08-27,411832
tensorflow,2026-08-28,388172
tensorflow,2026-08-29,298003
tensorflow,2026-08-30,285574
tensorflow,2026-08-31,376113
tensorflow,2026-09-01,440718
tensorflow,2026-09-02,478461
tensorflow,2026-09-03,479367
tensorflow,2026-09-04,397761
tensorflow,2026-09-05,332565
tensorflow,2026-09-06,319617
tensorflow,2026-09-07,379018
tensorflow,2026-09-08,440996
tensorflow,2026-09-09,427417
tensorflow,2026-09-10,412365
tensorflow,2026-09-11,385414
tensorflow,2026-09-12,314428
tensorflow,2026-09-13,301570
tensorflow,2026-09-14,367035
tensorflow,2026-09-15,391340
tensorflow,2026-09-16,403724
tensorflow,2026-09-17,419132
tensorflow,2026-09-18,376616
tensorflow,2026-09-19,307121
tensorflow,2026-09-20,294189
tensorflow,2026-09-21,360661
tensorflow,2026-09-22,412886
tensorflow,2026-09-23,409014
tensorflow,2026-09-24,446378
tensorflow,2026-09-25,368581
tensorflow,2026-09-26,311566
tensorflow,2026-09-27,297491
tensorflow,2026-09-28,382995
tensorflow,2026-09-29,464107
tensorflow,2026-09-30,495942
tensorflow,2026-10-01,543843
torch,2026-04-06,2507271
torch,2026-04-07,2883744
torch,2026-04-08,2925925
torch,2026-04-09,3073418
torch,2026-04-10,2715433
torch,2026-04-11,1951028
torch,2026-04-12,1985774
torch,2026-04-13,2840189
torch,2026-04-14,2927856
torch,2026-04-15,2857182
torch,2026-04-16,2845727
torch,2026-04-17,2804109
torch,2026-04-18,2198289
torch,2026-04-19,2102932
torch,2026-04-20,2981678
torch,2026-04-21,3000833
torch,2026-04-22,3358999
torch,2026-04-23,3100286
torch,2026-04-24,2966350
torch,2026-04-25,2330112
torch,2026-04-26,2600300
torch,2026-04-27,3253713
torch,2026-04-28,3229652
torch,2026-04-29,3314253
torch,2026-04-30,3025062
torch,2026-05-01,2579257
torch,2026-05-02,2236036
torch,2026-05-03,2389160
torch,2026-05-04,2864959
torch,2026-05-05,3410991
torch,2026-05-06,3388372
torch,2026-05-07,3284231
torch,2026-05-08,3071930
torch,2026-05-09,2373065
torch,2026-05-10,2012200
torch,2026-05-11,2895435
torch,2026-05-12,2971433
torch,2026-05-13,3039906
torch,2026-05-14,3160446
torch,2026-05-15,2995852
torch,2026-05-16,2296146
torch,2026-05-17,2317587
torch,2026-05-18,3018122
torch,2026-05-19,3239054
torch,2026-05-20,3210785
torch,2026-05-21,3424306
torch,2026-05-22,3088427
torch,2026-05-23,2396272
torch,2026-05-24,2506714
torch,2026-05-25,2796071
torch,2026-05-26,2935988
torch,2026-05-27,3130458
torch,2026-05-28,3218224
torch,2026-05-29,2962001
torch,2026-05-30,2289796
torch,2026-05-31,2217571
torch,2026-06-01,3086118
torch,2026-06-02,3165345
torch,2026-06-03,3219568
torch,2026-06-04,3317702
torch,2026-06-05,3516143
torch,2026-06-06,2508423
torch,2026-06-07,2423958
torch,2026-06-08,3201662
torch,2026-06-09,3225775
torch,2026-06-10,3437817
torch,2026-06-11,3422504
torch,2026-06-12,3123979
torch,2026-06-13,2409117
torch,2026-06-14,2294235
torch,2026-06-15,3109865
torch,2026-06-16,3215859
torch,2026-06-17,3255095
torch,2026-06-18,3293506
torch,2026-06-19,3165647
torch,2026-06-20,2702630
torch,2026-06-21,2582331
torch,2026-06-22,3424158
torch,2026-06-23,3335279
torch,2026-06-24,3285160
torch,2026-06-25,3247297
torch,2026-06-26,2962542
torch,2026-06-27,2320733
torch,2026-06-28,2448123
torch,2026-06-29,3098626
torch,2026-06-30,3218221
torch,2026-07-01,3391659
torch,2026-07-02,3296637
torch,2026-07-03,2821683
torch,2026-07-04,2290000
torch,2026-07-05,2396215
torch,2026-07-06,3136516
torch,2026-07-07,3269490
torch,2026-07-08,3312096
torch,2026-07-09,3552040
torch,2026-07-10,3355232
torch,2026-07-11,2572027
torch,2026-07-12,2650582
torch,2026-07-13,3801926
torch,2026-07-14,4178249
torch,2026-07-15,3581592
torch,2026-07-16,3581931
torch,2026-07-17,3268024
torch,2026-07-18,2629314
torch,2026-07-19,2633187
torch,2026-07-20,3422572
torch,2026-07-21,3579246
torch,2026-07-22,3483983
torch,2026-07-23,3415695
torch,2026-07-24,3328393
torch,2026-07-25,2542595
torch,2026-07-26,2523546
torch,2026-07-27,3394260
torch,2026-07-28,3284932
torch,2026-07-29,3297354
torch,2026-07-30,3315918
torch,2026-07-31,3297273
torch,2026-08-01,2636989
torch,2026-08-02,2571815
torch,2026-08-03,3597872
torch,2026-08-04,3439830
torch,2026-08-05,3322814
torch,2026-08-06,3118471
torch,2026-08-07,3178467
torch,2026-08-08,2475775
torch,2026-08-09,2690285
torch,2026-08-10,3161671
torch,2026-08-11,3211740
torch,2026-08-12,3285517
torch,2026-08-13,3213218
torch,2026-08-14,3183859
torch,2026-08-15,2618889
torch,2026-08-16,2519434
torch,2026-08-17,3234084
torch,2026-08-18,3181380
torch,2026-08-19,3234643
torch,2026-08-20,3258657
torch,2026-08-21,3175305
torch,2026-08-22,2544891
torch,2026-08-23,2615125
torch,2026-08-24,3016606
torch,2026-08-25,2157337
torch,2026-08-26,2143711
torch,2026-08-27,2123147
torch,2026-08-28,2024439
torch,2026-08-29,1620311
torch,2026-08-30,1617257
torch,2026-08-31,1982944
torch,2026-09-01,2120985
torch,2026-09-02,2220737
torch,2026-09-03,2376477
torch,2026-09-04,2080499
torch,2026-09-05,1671877
torch,2026-09-06,1720209
torch,2026-09-07,1984830
torch,2026-09-08,2289105
torch,2026-09-09,2237398
torch,2026-09-10,2190355
torch,2026-09-11,2088218
torch,2026-09-12,1687907
torch,2026-09-13,1662132
torch,2026-09-14,2071254
torch,2026-09-15,2218408
torch,2026-09-16,2143366
torch,2026-09-17,2058624
torch,2026-09-18,1994386
torch,2026-09-19,1591054
torch,2026-09-20,1646868
torch,2026-09-21,1988868
torch,2026-09-22,2128993
torch,2026-09-23,2100467
torch,2026-09-24,2120072
torch,2026-09-25,2034463
torch,2026-09-26,1727537
torch,2026-09-27,1717021
torch,2026-09-28,2099762
torch,2026-09-29,2161360
torch,2026-09-30,2113605
torch,2026-10-01,2215212
transformers,2026-04-06,3869496
transformers,2026-04-07,4405471
transformers,2026-04-08,4366691
transformers,2026-04-09,4657808
transformers,2026-04-10,4332484
transformers,2026-04-11,3199970
transformers,2026-04-12,3291846
transformers,2026-04-13,4371128
transformers,2026-04-14,4603109
transformers,2026-04-15,4622161
transformers,2026-04-16,4458255
transformers,2026-04-17,4624679
transformers,2026-04-18,3383704
transformers,2026-04-19,3231020
transformers,2026-04-20,5020042
transformers,2026-04-21,4695361
transformers,2026-04-22,5446973
transformers,2026-04-23,5232737
transformers,2026-04-24,4989591
transformers,2026-04-25,4286574
transformers,2026-04-26,4403318
transformers,2026-04-27,5134926
transformers,2026-04-28,6409312
transformers,2026-04-29,6228854
transformers,2026-04-30,6223046
transformers,2026-05-01,6129213
transformers,2026-05-02,4632918
transformers,2026-05-03,4093762
transformers,2026-05-04,5005471
transformers,2026-05-05,5752350
transformers,2026-05-06,5577829
transformers,2026-05-07,5057475
transformers,2026-05-08,4627532
transformers,2026-05-09,3422352
transformers,2026-05-10,3287261
transformers,2026-05-11,4873890
transformers,2026-05-12,5208113
transformers,2026-05-13,5270005
transformers,2026-05-14,5046643
transformers,2026-05-15,4501852
transformers,2026-05-16,3480348
transformers,2026-05-17,3415646
transformers,2026-05-18,4800260
transformers,2026-05-19,5330282
transformers,2026-05-20,5293692
transformers,2026-05-21,5189059
transformers,2026-05-22,5073619
transformers,2026-05-23,3865415
transformers,2026-05-24,4051088
transformers,2026-05-25,4714471
transformers,2026-05-26,5155323
transformers,2026-05-27,5148376
transformers,2026-05-28,5280601
transformers,2026-05-29,5161473
transformers,2026-05-30,3762981
transformers,2026-05-31,3732375
transformers,2026-06-01,6604825
transformers,2026-06-02,6359730
transformers,2026-06-03,6064820
transformers,2026-06-04,5988528
transformers,2026-06-05,5855811
transformers,2026-06-06,4024321
transformers,2026-06-07,4136082
transformers,2026-06-08,5584915
transformers,2026-06-09,5989324
transformers,2026-06-10,6897749
transformers,2026-06-11,6360268
transformers,2026-06-12,5901495
transformers,2026-06-13,4606213
transformers,2026-06-14,4145198
transformers,2026-06-15,6076210
transformers,2026-06-16,6254711
transformers,2026-06-17,5957474
transformers,2026-06-18,5592597
transformers,2026-06-19,5310063
transformers,2026-06-20,4252120
transformers,2026-06-21,4308500
transformers,2026-06-22,7055553
transformers,2026-06-23,6270888
transformers,2026-06-24,6078723
transformers,2026-06-25,5589051
transformers,2026-06-26,5603232
transformers,2026-06-27,4108889
transformers,2026-06-28,4733711
transformers,2026-06-29,6307967
transformers,2026-06-30,6537566
transformers,2026-07-01,7724554
transformers,2026-07-02,6637826
transformers,2026-07-03,5594194
transformers,2026-07-04,4278855
transformers,2026-07-05,3798965
transformers,2026-07-06,5951293
transformers,2026-07-07,6608913
transformers,2026-07-08,6217132
transformers,2026-07-09,6919081
transformers,2026-07-10,5842668
transformers,2026-07-11,3942707
transformers,2026-07-12,4122236
transformers,2026-07-13,6132197
transformers,2026-07-14,6351278
transformers,2026-07-15,6606137
transformers,2026-07-16,7739267
transformers,2026-07-17,7465225
transformers,2026-07-18,4515853
transformers,2026-07-19,4160468
transformers,2026-07-20,6041712
transformers,2026-07-21,6156068
transformers,2026-07-22,6715530
transformers,2026-07-23,6680380
transformers,2026-07-24,6475352
transformers,2026-07-25,4612361
transformers,2026-07-26,3848066
transformers,2026-07-27,5916775
transformers,2026-07-28,6988001
transformers,2026-07-29,7725840
transformers,2026-07-30,7796265
transformers,2026-07-31,6704824
transformers,2026-08-01,5535067
transformers,2026-08-02,4769907
transformers,2026-08-03,6995479
transformers,2026-08-04,7646642
transformers,2026-08-05,7596592
transformers,2026-08-06,6938374
transformers,2026-08-07,7376171
transformers,2026-08-08,5919228
transformers,2026-08-09,5526743
transformers,2026-08-10,7063323
transformers,2026-08-11,7210152
transformers,2026-08-12,7632815
transformers,2026-08-13,6956745
transformers,2026-08-14,7006017
transformers,2026-08-15,5605693
transformers,2026-08-16,5048491
transformers,2026-08-17,7084746
transformers,2026-08-18,6817585
transformers,2026-08-19,7343410
transformers,2026-08-20,7683368
transformers,2026-08-21,7837469
transformers,2026-08-22,5939856
transformers,2026-08-23,5783941
transformers,2026-08-24,6013010
transformers,2026-08-25,3218489
transformers,2026-08-26,3161225
transformers,2026-08-27,3300809
transformers,2026-08-28,3169101
transformers,2026-08-29,2292013
transformers,2026-08-30,2144479
transformers,2026-08-31,3094778
transformers,2026-09-01,4625327
transformers,2026-09-02,3354336
transformers,2026-09-03,3230708
transformers,2026-09-04,3015790
transformers,2026-09-05,2199015
transformers,2026-09-06,2128582
transformers,2026-09-07,2754828
transformers,2026-09-08,3340971
transformers,2026-09-09,3488031
transformers,2026-09-10,3420174
transformers,2026-09-11,3142255
transformers,2026-09-12,2246001
transformers,2026-09-13,2069569
transformers,2026-09-14,3140707
transformers,2026-09-15,3295071
transformers,2026-09-16,3490426
transformers,2026-09-17,3355656
transformers,2026-09-18,3462170
transformers,2026-09-19,2469523
transformers,2026-09-20,2415958
transformers,2026-09-21,3254753
transformers,2026-09-22,3453954
transformers,2026-09-23,3773894
transformers,2026-09-24,3869327
transformers,2026-09-25,3720360
transformers,2026-09-26,2647908
transformers,2026-09-27,2554985
transformers,2026-09-28,3467668
transformers,2026-09-29,3788987
transformers,2026-09-30,3785229
transformers,2026-10-01,4922047
typer,2026-04-06,8361374
typer,2026-04-07,10056887
typer,2026-04-08,10566589
typer,2026-04-09,10177557
typer,2026-04-10,10009768
typer,2026-04-11,6889734
typer,2026-04-12,7655481
typer,2026-04-13,10375099
typer,2026-04-14,12008013
typer,2026-04-15,12184023
typer,2026-04-16,11744751
typer,2026-04-17,10624859
typer,2026-04-18,7038633
typer,2026-04-19,7045903
typer,2026-04-20,11478639
typer,2026-04-21,12356014
typer,2026-04-22,12810071
typer,2026-04-23,15554459
typer,2026-04-24,16435875
typer,2026-04-25,12582105
typer,2026-04-26,14387344
typer,2026-04-27,16873172
typer,2026-04-28,17227001
typer,2026-04-29,17599774
typer,2026-04-30,20039835
typer,2026-05-01,21540501
typer,2026-05-02,15940879
typer,2026-05-03,10530583
typer,2026-05-04,17123128
typer,2026-05-05,20170394
typer,2026-05-06,20223563
typer,2026-05-07,20272490
typer,2026-05-08,13492684
typer,2026-05-09,10524518
typer,2026-05-10,9172368
typer,2026-05-11,14015278
typer,2026-05-12,15683147
typer,2026-05-13,15248976
typer,2026-05-14,13710626
typer,2026-05-15,11811537
typer,2026-05-16,8027059
typer,2026-05-17,8069113
typer,2026-05-18,12484324
typer,2026-05-19,13652213
typer,2026-05-20,14607458
typer,2026-05-21,14273555
typer,2026-05-22,13178942
typer,2026-05-23,9730783
typer,2026-05-24,10048679
typer,2026-05-25,11967951
typer,2026-05-26,13310057
typer,2026-05-27,14109202
typer,2026-05-28,14527749
typer,2026-05-29,14354189
typer,2026-05-30,9376632
typer,2026-05-31,8501175
typer,2026-06-01,13877294
typer,2026-06-02,15369560
typer,2026-06-03,16189626
typer,2026-06-04,16326311
typer,2026-06-05,15978849
typer,2026-06-06,11810376
typer,2026-06-07,11505147
typer,2026-06-08,15828035
typer,2026-06-09,16323479
typer,2026-06-10,18513227
typer,2026-06-11,16698272
typer,2026-06-12,15066958
typer,2026-06-13,10532326
typer,2026-06-14,11268963
typer,2026-06-15,16012426
typer,2026-06-16,16512292
typer,2026-06-17,16079673
typer,2026-06-18,15082261
typer,2026-06-19,13849872
typer,2026-06-20,10936256
typer,2026-06-21,10671799
typer,2026-06-22,16050279
typer,2026-06-23,16111601
typer,2026-06-24,16665985
typer,2026-06-25,15424253
typer,2026-06-26,15139868
typer,2026-06-27,11187336
typer,2026-06-28,11638513
typer,2026-06-29,16316245
typer,2026-06-30,16222894
typer,2026-07-01,17644438
typer,2026-07-02,15727444
typer,2026-07-03,12144347
typer,2026-07-04,8009097
typer,2026-07-05,7690429
typer,2026-07-06,12068696
typer,2026-07-07,13104754
typer,2026-07-08,12333799
typer,2026-07-09,12219476
typer,2026-07-10,11586378
typer,2026-07-11,7607318
typer,2026-07-12,8076656
typer,2026-07-13,11791400
typer,2026-07-14,12569870
typer,2026-07-15,13754789
typer,2026-07-16,14668238
typer,2026-07-17,13460384
typer,2026-07-18,8487986
typer,2026-07-19,7959316
typer,2026-07-20,12419668
typer,2026-07-21,12711142
typer,2026-07-22,13057775
typer,2026-07-23,13314641
typer,2026-07-24,12308734
typer,2026-07-25,7582898
typer,2026-07-26,7620283
typer,2026-07-27,12281960
typer,2026-07-28,14075688
typer,2026-07-29,14660401
typer,2026-07-30,15079053
typer,2026-07-31,13416555
typer,2026-08-01,9139614
typer,2026-08-02,9130306
typer,2026-08-03,14552903
typer,2026-08-04,16131045
typer,2026-08-05,14994112
typer,2026-08-06,13321172
typer,2026-08-07,14522329
typer,2026-08-08,10152134
typer,2026-08-09,9725596
typer,2026-08-10,14045894
typer,2026-08-11,14357164
typer,2026-08-12,14148848
typer,2026-08-13,13463877
typer,2026-08-14,13098401
typer,2026-08-15,8828843
typer,2026-08-16,9076917
typer,2026-08-17,13222073
typer,2026-08-18,13463277
typer,2026-08-19,13123537
typer,2026-08-20,13072613
typer,2026-08-21,12842938
typer,2026-08-22,8499658
typer,2026-08-23,8509457
typer,2026-08-24,11455125
typer,2026-08-25,8792302
typer,2026-08-26,8621711
typer,2026-08-27,8486165
typer,2026-08-28,8378898
typer,2026-08-29,5354490
typer,2026-08-30,5320230
typer,2026-08-31,8601752
typer,2026-09-01,9466847
typer,2026-09-02,9296793
typer,2026-09-03,9376386
typer,2026-09-04,8337669
typer,2026-09-05,5197780
typer,2026-09-06,5168970
typer,2026-09-07,7423888
typer,2026-09-08,9337995
typer,2026-09-09,9283174
typer,2026-09-10,9265001
typer,2026-09-11,8749303
typer,2026-09-12,5290494
typer,2026-09-13,4979269
typer,2026-09-14,8507843
typer,2026-09-15,9154438
typer,2026-09-16,8969600
typer,2026-09-17,8887487
typer,2026-09-18,8925012
typer,2026-09-19,5725349
typer,2026-09-20,5213547
typer,2026-09-21,8465559
typer,2026-09-22,9049420
typer,2026-09-23,9561061
typer,2026-09-24,9766572
typer,2026-09-25,8816749
typer,2026-09-26,5559112
typer,2026-09-27,5980832
typer,2026-09-28,9472941
typer,2026-09-29,10172139
typer,2026-09-30,10142921
typer,2026-10-01,10325107
uvicorn,2026-04-06,14054626
uvicorn,2026-04-07,15695682
uvicorn,2026-04-08,18270996
uvicorn,2026-04-09,16558118
uvicorn,2026-04-10,14987071
uvicorn,2026-04-11,10745339
uvicorn,2026-04-12,13464603
uvicorn,2026-04-13,17701446
uvicorn,2026-04-14,19104049
uvicorn,2026-04-15,17589908
uvicorn,2026-04-16,16989250
uvicorn,2026-04-17,17090955
uvicorn,2026-04-18,12253933
uvicorn,2026-04-19,11963634
uvicorn,2026-04-20,18291250
uvicorn,2026-04-21,19323644
uvicorn,2026-04-22,19151384
uvicorn,2026-04-23,19539426
uvicorn,2026-04-24,18479882
uvicorn,2026-04-25,12300236
uvicorn,2026-04-26,12155341
uvicorn,2026-04-27,16134297
uvicorn,2026-04-28,16667092
uvicorn,2026-04-29,17177387
uvicorn,2026-04-30,16861485
uvicorn,2026-05-01,13954980
uvicorn,2026-05-02,10555179
uvicorn,2026-05-03,10106602
uvicorn,2026-05-04,14891861
uvicorn,2026-05-05,17513339
uvicorn,2026-05-06,18714448
uvicorn,2026-05-07,19226677
uvicorn,2026-05-08,17043385
uvicorn,2026-05-09,14492681
uvicorn,2026-05-10,13741643
uvicorn,2026-05-11,21391986
uvicorn,2026-05-12,21624498
uvicorn,2026-05-13,20702471
uvicorn,2026-05-14,21912703
uvicorn,2026-05-15,20632809
uvicorn,2026-05-16,15256735
uvicorn,2026-05-17,15737957
uvicorn,2026-05-18,21065328
uvicorn,2026-05-19,21079042
uvicorn,2026-05-20,20696438
uvicorn,2026-05-21,20196529
uvicorn,2026-05-22,18263200
uvicorn,2026-05-23,11623693
uvicorn,2026-05-24,13119516
uvicorn,2026-05-25,17742319
uvicorn,2026-05-26,17998233
uvicorn,2026-05-27,18791328
uvicorn,2026-05-28,21104446
uvicorn,2026-05-29,19992800
uvicorn,2026-05-30,12564185
uvicorn,2026-05-31,12456489
uvicorn,2026-06-01,17936770
uvicorn,2026-06-02,19997187
uvicorn,2026-06-03,20721655
uvicorn,2026-06-04,22443296
uvicorn,2026-06-05,18916466
uvicorn,2026-06-06,12466096
uvicorn,2026-06-07,12336618
uvicorn,2026-06-08,19439899
uvicorn,2026-06-09,19582690
uvicorn,2026-06-10,21282218
uvicorn,2026-06-11,20054659
uvicorn,2026-06-12,18528094
uvicorn,2026-06-13,11713275
uvicorn,2026-06-14,11616276
uvicorn,2026-06-15,18700508
uvicorn,2026-06-16,20400037
uvicorn,2026-06-17,19852786
uvicorn,2026-06-18,19212710
uvicorn,2026-06-19,16206119
uvicorn,2026-06-20,12163107
uvicorn,2026-06-21,11468300
uvicorn,2026-06-22,18688025
uvicorn,2026-06-23,18881031
uvicorn,2026-06-24,19416377
uvicorn,2026-06-25,18494947
uvicorn,2026-06-26,17399545
uvicorn,2026-06-27,11924187
uvicorn,2026-06-28,13337082
uvicorn,2026-06-29,19783823
uvicorn,2026-06-30,19236594
uvicorn,2026-07-01,20053378
uvicorn,2026-07-02,19767605
uvicorn,2026-07-03,16823939
uvicorn,2026-07-04,13836691
uvicorn,2026-07-05,12461138
uvicorn,2026-07-06,21500845
uvicorn,2026-07-07,22033785
uvicorn,2026-07-08,21750139
uvicorn,2026-07-09,20660581
uvicorn,2026-07-10,19454228
uvicorn,2026-07-11,13331114
uvicorn,2026-07-12,13984282
uvicorn,2026-07-13,21426260
uvicorn,2026-07-14,21712503
uvicorn,2026-07-15,21728128
uvicorn,2026-07-16,22025466
uvicorn,2026-07-17,21372177
uvicorn,2026-07-18,13791638
uvicorn,2026-07-19,13077947
uvicorn,2026-07-20,20770776
uvicorn,2026-07-21,21998690
uvicorn,2026-07-22,22145869
uvicorn,2026-07-23,21992663
uvicorn,2026-07-24,20558237
uvicorn,2026-07-25,13493940
uvicorn,2026-07-26,13868069
uvicorn,2026-07-27,22577445
uvicorn,2026-07-28,24228808
uvicorn,2026-07-29,26514924
uvicorn,2026-07-30,25578381
uvicorn,2026-07-31,23293187
uvicorn,2026-08-01,16740763
uvicorn,2026-08-02,17298669
uvicorn,2026-08-03,26226633
uvicorn,2026-08-04,26350885
uvicorn,2026-08-05,26087991
uvicorn,2026-08-06,23297330
uvicorn,2026-08-07,25347059
uvicorn,2026-08-08,17562077
uvicorn,2026-08-09,17780751
uvicorn,2026-08-10,25107449
uvicorn,2026-08-11,25688535
uvicorn,2026-08-12,25771512
uvicorn,2026-08-13,28690648
uvicorn,2026-08-14,26623451
uvicorn,2026-08-15,17918253
uvicorn,2026-08-16,17720039
uvicorn,2026-08-17,25625410
uvicorn,2026-08-18,26241793
uvicorn,2026-08-19,26934773
uvicorn,2026-08-20,26322755
uvicorn,2026-08-21,25663646
uvicorn,2026-08-22,17463889
uvicorn,2026-08-23,17562499
uvicorn,2026-08-24,22817329
uvicorn,2026-08-25,16376878
uvicorn,2026-08-26,15970797
uvicorn,2026-08-27,15657368
uvicorn,2026-08-28,14098154
uvicorn,2026-08-29,9415442
uvicorn,2026-08-30,9345814
uvicorn,2026-08-31,14956846
uvicorn,2026-09-01,16704808
uvicorn,2026-09-02,16978979
uvicorn,2026-09-03,17183587
uvicorn,2026-09-04,15594833
uvicorn,2026-09-05,10725217
uvicorn,2026-09-06,10913569
uvicorn,2026-09-07,14947346
uvicorn,2026-09-08,18304532
uvicorn,2026-09-09,17642943
uvicorn,2026-09-10,17516940
uvicorn,2026-09-11,16056998
uvicorn,2026-09-12,10316436
uvicorn,2026-09-13,10172066
uvicorn,2026-09-14,18011903
uvicorn,2026-09-15,18907257
uvicorn,2026-09-16,18170021
uvicorn,2026-09-17,18455619
uvicorn,2026-09-18,18244846
uvicorn,2026-09-19,11671647
uvicorn,2026-09-20,11091245
uvicorn,2026-09-21,17251271
uvicorn,2026-09-22,18519660
uvicorn,2026-09-23,19357978
uvicorn,2026-09-24,19713201
uvicorn,2026-09-25,19530067
uvicorn,2026-09-26,12415515
uvicorn,2026-09-27,12881508
uvicorn,2026-09-28,20221456
uvicorn,2026-09-29,21753748
uvicorn,2026-09-30,20749051
uvicorn,2026-10-01,21090153
xgboost,2026-04-06,1325355
xgboost,2026-04-07,1455375
xgboost,2026-04-08,1421385
xgboost,2026-04-09,1607228
xgboost,2026-04-10,1544303
xgboost,2026-04-11,1216708
xgboost,2026-04-12,1085036
xgboost,2026-04-13,1497805
xgboost,2026-04-14,1516962
xgboost,2026-04-15,1562220
xgboost,2026-04-16,1522440
xgboost,2026-04-17,1507276
xgboost,2026-04-18,1156115
xgboost,2026-04-19,1159358
xgboost,2026-04-20,1576712
xgboost,2026-04-21,1558235
xgboost,2026-04-22,1560080
xgboost,2026-04-23,1574050
xgboost,2026-04-24,1463733
xgboost,2026-04-25,1138869
xgboost,2026-04-26,1108886
xgboost,2026-04-27,1475169
xgboost,2026-04-28,1546805
xgboost,2026-04-29,1632500
xgboost,2026-04-30,1555405
xgboost,2026-05-01,1463172
xgboost,2026-05-02,1117758
xgboost,2026-05-03,1194133
xgboost,2026-05-04,1494205
xgboost,2026-05-05,1504099
xgboost,2026-05-06,1434873
xgboost,2026-05-07,1502432
xgboost,2026-05-08,1438030
xgboost,2026-05-09,1170629
xgboost,2026-05-10,1125446
xgboost,2026-05-11,1646057
xgboost,2026-05-12,1614187
xgboost,2026-05-13,1541828
xgboost,2026-05-14,1509436
xgboost,2026-05-15,1512417
xgboost,2026-05-16,1140718
xgboost,2026-05-17,1181224
xgboost,2026-05-18,1516953
xgboost,2026-05-19,1644325
xgboost,2026-05-20,1550770
xgboost,2026-05-21,1596499
xgboost,2026-05-22,1487240
xgboost,2026-05-23,1161013
xgboost,2026-05-24,1165004
xgboost,2026-05-25,1368578
xgboost,2026-05-26,1455739
xgboost,2026-05-27,1575516
xgboost,2026-05-28,1564433
xgboost,2026-05-29,1603169
xgboost,2026-05-30,1202405
xgboost,2026-05-31,1224332
xgboost,2026-06-01,1616350
xgboost,2026-06-02,1623887
xgboost,2026-06-03,1660233
xgboost,2026-06-04,1619882
xgboost,2026-06-05,1579576
xgboost,2026-06-06,1207008
xgboost,2026-06-07,1220622
xgboost,2026-06-08,1631572
xgboost,2026-06-09,1759552
xgboost,2026-06-10,1688656
xgboost,2026-06-11,1731373
xgboost,2026-06-12,1604305
xgboost,2026-06-13,1266870
xgboost,2026-06-14,1228224
xgboost,2026-06-15,1688419
xgboost,2026-06-16,1711764
xgboost,2026-06-17,1715627
xgboost,2026-06-18,1605029
xgboost,2026-06-19,1630391
xgboost,2026-06-20,1252760
xgboost,2026-06-21,1294598
xgboost,2026-06-22,1748486
xgboost,2026-06-23,1832019
xgboost,2026-06-24,1685325
xgboost,2026-06-25,1722684
xgboost,2026-06-26,1623663
xgboost,2026-06-27,1268820
xgboost,2026-06-28,1243594
xgboost,2026-06-29,1606796
xgboost,2026-06-30,1709708
xgboost,2026-07-01,1729610
xgboost,2026-07-02,1675515
xgboost,2026-07-03,1528689
xgboost,2026-07-04,1153121
xgboost,2026-07-05,1215556
xgboost,2026-07-06,1624291
xgboost,2026-07-07,1734398
xgboost,2026-07-08,1679397
xgboost,2026-07-09,1739316
xgboost,2026-07-10,1584091
xgboost,2026-07-11,1213198
xgboost,2026-07-12,1171357
xgboost,2026-07-13,1699911
xgboost,2026-07-14,1736817
xgboost,2026-07-15,1729924
xgboost,2026-07-16,2072909
xgboost,2026-07-17,1969830
xgboost,2026-07-18,1266619
xgboost,2026-07-19,1226564
xgboost,2026-07-20,1605917
xgboost,2026-07-21,1738066
xgboost,2026-07-22,1761536
xgboost,2026-07-23,2329147
xgboost,2026-07-24,1592947
xgboost,2026-07-25,1276923
xgboost,2026-07-26,1212723
xgboost,2026-07-27,1742995
xgboost,2026-07-28,1693626
xgboost,2026-07-29,1713299
xgboost,2026-07-30,1721810
xgboost,2026-07-31,1636272
xgboost,2026-08-01,1271356
xgboost,2026-08-02,1232719
xgboost,2026-08-03,1590641
xgboost,2026-08-04,1678563
xgboost,2026-08-05,1695532
xgboost,2026-08-06,1478415
xgboost,2026-08-07,1549020
xgboost,2026-08-08,1247895
xgboost,2026-08-09,1265412
xgboost,2026-08-10,1601489
xgboost,2026-08-11,1677263
xgboost,2026-08-12,1708009
xgboost,2026-08-13,1958774
xgboost,2026-08-14,4256440
xgboost,2026-08-15,2388527
xgboost,2026-08-16,1237328
xgboost,2026-08-17,1579772
xgboost,2026-08-18,1732990
xgboost,2026-08-19,1733971
xgboost,2026-08-20,1615891
xgboost,2026-08-21,1648621
xgboost,2026-08-22,1275808
xgboost,2026-08-23,1282867
xgboost,2026-08-24,1525405
xgboost,2026-08-25,1105311
xgboost,2026-08-26,1097536
xgboost,2026-08-27,1062807
xgboost,2026-08-28,1005364
xgboost,2026-08-29,726352
xgboost,2026-08-30,725440
xgboost,2026-08-31,989361
xgboost,2026-09-01,1083156
xgboost,2026-09-02,1124404
xgboost,2026-09-03,1193567
xgboost,2026-09-04,1081919
xgboost,2026-09-05,816584
xgboost,2026-09-06,769425
xgboost,2026-09-07,915242
xgboost,2026-09-08,1130446
xgboost,2026-09-09,1128987
xgboost,2026-09-10,1121605
xgboost,2026-09-11,1043962
xgboost,2026-09-12,789354
xgboost,2026-09-13,703939
xgboost,2026-09-14,1019892
xgboost,2026-09-15,1085874
xgboost,2026-09-16,1106009
xgboost,2026-09-17,1198438
xgboost,2026-09-18,1077544
xgboost,2026-09-19,931757
xgboost,2026-09-20,717097
xgboost,2026-09-21,1005375
xgboost,2026-09-22,1076358
xgboost,2026-09-23,1078813
xgboost,2026-09-24,1095044
xgboost,2026-09-25,1015041
xgboost,2026-09-26,714394
xgboost,2026-09-27,744899
xgboost,2026-09-28,1109935
xgboost,2026-09-29,1173715
xgboost,2026-09-30,1115040
xgboost,2026-10-01,1207011
